file music-module	mirrors/amigascne/Parties/Assembly2000/mch/On the winds.s3m	1.02M	Parties/Assembly2000/mch/On the winds.s3m
file music-module	mirrors/amigascne/Parties/Gathering1997/Mods/Optimize.s3m	179.93K	Parties/Gathering1997/Mods/Optimize.s3m
file music-module	mirrors/amigascne/Parties/Gathering1997/Mods/persian angel.s3m	211.14K	Parties/Gathering1997/Mods/persian angel.s3m
file music-module	mirrors/amigascne/Parties/LTP2000/ChipMusic/Cinamon Rooolll.s3m	10.00K	Parties/LTP2000/ChipMusic/Cinamon Rooolll.s3m
file music-module	mirrors/amigascne/Parties/Remedy-97/Multi-Muz/02Sickmind.s3m	380.67K	Parties/Remedy-97/Multi-Muz/02Sickmind.s3m
file music-module	mirrors/amigascne/Parties/Saturne3-96/Modules/HighWay jAmM.s3m	178.62K	Parties/Saturne3-96/Modules/HighWay jAmM.s3m
file music-module	mirrors/amigascne/Parties/Saturne3-96/Modules/Trip ut.s3m	349.66K	Parties/Saturne3-96/Modules/Trip ut.s3m
file music-module	mirrors/amigascne/Parties/Symposium97/Multi/astraying inspirations.s3m	341.55K	Parties/Symposium97/Multi/astraying inspirations.s3m
file music-module	mirrors/amigascne/Parties/Symposium97/Multi/Calling For Help.s3m	106.47K	Parties/Symposium97/Multi/Calling For Help.s3m
file music-module	mirrors/amigascne/Parties/Symposium97/Multi/Chaos Rules_.s3m	466.57K	Parties/Symposium97/Multi/Chaos Rules_.s3m
file music-module	mirrors/amigascne/Parties/The_Party1995/Multichannel/Red Buster.s3m	238.11K	Parties/The_Party1995/Multichannel/Red Buster.s3m
file music-module	mirrors/amigascne/Parties/The_Party1995/Multichannel/Sardin kuk.s3m	524.02K	Parties/The_Party1995/Multichannel/Sardin kuk.s3m
file music-module	mirrors/amigascne/Parties/The_Party1995/Multichannel/The Reincarnation Of Yammah.s3m	303.53K	Parties/The_Party1995/Multichannel/The Reincarnation Of Yammah.s3m
file music-module	mirrors/amigascne/Parties/The_Party1995/Multichannel/Way_.s3m	462.26K	Parties/The_Party1995/Multichannel/Way_.s3m
file music-module	mirrors/amigascne/Parties/The_Party1995/Multichannel/World of Saracens.s3m	505.44K	Parties/The_Party1995/Multichannel/World of Saracens.s3m
file music-module	mirrors/amigascne/Parties/The_Party1995/Multichannel/X-ray.s3m	192.13K	Parties/The_Party1995/Multichannel/X-ray.s3m
file music-module	mirrors/amigascne/Parties/The_Party1996/4-channel/20/KISSES.S3M	96.91K	Parties/The_Party1996/4-channel/20/KISSES.S3M
file music-module	mirrors/amigascne/Parties/The_Party1998/Multi/s t a r s e e d.s3m	312.47K	Parties/The_Party1998/Multi/s t a r s e e d.s3m
file music-module	mirrors/flerp/DEMO.'98/Alternativ98/music/vaaksa.s3m	3.92K	DEMO.'98/Alternativ98/music/vaaksa.s3m
file music-module	mirrors/ftp_klosz_art_pl/parties/world/abduction98/mch/sweet.s3m	0B	parties/world/abduction98/mch/sweet.s3m
file music-module	mirrors/ftp_klosz_art_pl/parties/world/abduction98/mch/walker.s3m	0B	parties/world/abduction98/mch/walker.s3m
file music-module	mirrors/ftp_klosz_art_pl/stuff/msx/jugi/bill-g-force.s3m	45.60K	stuff/msx/jugi/bill-g-force.s3m
file music-module	mirrors/ftp_klosz_art_pl/stuff/msx/various/chanel5-ein_communist_svin.s3m	727.99K	stuff/msx/various/chanel5-ein_communist_svin.s3m
file music-module	mirrors/hornet/music/contests/mc_winners/e-29812.s3m	509.91K	music/contests/mc_winners/e-29812.s3m
file music-module	mirrors/hornet/music/contests/mc_winners/e-98842.s3m	334.45K	music/contests/mc_winners/e-98842.s3m
file music-module	mirrors/hornet/music/contests/mc_winners/o-95444.s3m	38.43K	music/contests/mc_winners/o-95444.s3m
file music-module	mirrors/hornet/music/contests/mc_winners/r-adrnln.s3m	339.67K	music/contests/mc_winners/r-adrnln.s3m
file music-module	mirrors/hornet/music/contests/mc_winners/v-guard.s3m	233.62K	music/contests/mc_winners/v-guard.s3m
file music-module	mirrors/hornet/music/contests/mc_winners/v-voyage.s3m	376.07K	music/contests/mc_winners/v-voyage.s3m
file music-module	mirrors/scenesp.org/2001/bcnparty01/multichannel/DEB_BRFD/BRFDS01.S3M	345.07K	2001/bcnparty01/multichannel/DEB_BRFD/BRFDS01.S3M
file music-module	mirrors/scenesp.org/compilations/modplanet/normal/bonuscd/artists/baktery/%23RBN%23.S3M	215.36K	compilations/modplanet/normal/bonuscd/artists/baktery/%23RBN%23.S3M
file music-module	mirrors/scenesp.org/compilations/modplanet/normal/bonuscd/artists/Iq/return of litmus.s3m	456.69K	compilations/modplanet/normal/bonuscd/artists/Iq/return of litmus.s3m
file music-module	mirrors/scenesp.org/compilations/modplanet/normal/bonuscd/artists/kronos/requiem 18days.s3m	599.30K	compilations/modplanet/normal/bonuscd/artists/kronos/requiem 18days.s3m
file music-module	mirrors/scenesp.org/compilations/modplanet/normal/bonuscd/artists/naif/smoke porn (gay edit).s3m	757.59K	compilations/modplanet/normal/bonuscd/artists/naif/smoke porn (gay edit).s3m
file music-module	mirrors/scenesp.org/compilations/modplanet/normal/bonuscd/artists/noisyman/inicio- simple demo.s3m	221.21K	compilations/modplanet/normal/bonuscd/artists/noisyman/inicio- simple demo.s3m
file music-module	mirrors/scenesp.org/compilations/modplanet/normal/bonuscd/artists/overflow/cars 1 internet version.s3m	106.05K	compilations/modplanet/normal/bonuscd/artists/overflow/cars 1 internet version.s3m
file music-module	mirrors/scenesp.org/compilations/modplanet/normal/bonuscd/artists/sergeeo/pachangamix.s3m	23.22K	compilations/modplanet/normal/bonuscd/artists/sergeeo/pachangamix.s3m
file music-module	mirrors/scenesp.org/compilations/modplanet/normal/bonuscd/artists/sergeeo/srg_monty.S3M	68.34K	compilations/modplanet/normal/bonuscd/artists/sergeeo/srg_monty.S3M
file music-module	mirrors/scenesp.org/compilations/modplanet/normal/bonuscd/artists/sole/sole_agr.s3m	226.53K	compilations/modplanet/normal/bonuscd/artists/sole/sole_agr.s3m
file music-module	mirrors/scenesp.org/compilations/modplanet/normal/bonuscd/artists/sole/sole_arr.s3m	99.14K	compilations/modplanet/normal/bonuscd/artists/sole/sole_arr.s3m
file music-module	mirrors/scenesp.org/compilations/modplanet/normal/bonuscd/artists/sole/sole_bd1.s3m	703.98K	compilations/modplanet/normal/bonuscd/artists/sole/sole_bd1.s3m
file music-module	mirrors/scenesp.org/compilations/modplanet/normal/bonuscd/artists/sole/sole_bea.s3m	212.33K	compilations/modplanet/normal/bonuscd/artists/sole/sole_bea.s3m
file music-module	mirrors/scenesp.org/compilations/modplanet/normal/bonuscd/artists/sole/sole_chr.s3m	53.06K	compilations/modplanet/normal/bonuscd/artists/sole/sole_chr.s3m
file music-module	mirrors/scenesp.org/compilations/modplanet/normal/bonuscd/artists/sole/sole_emo.s3m	409.81K	compilations/modplanet/normal/bonuscd/artists/sole/sole_emo.s3m
file music-module	mirrors/scenesp.org/compilations/modplanet/normal/bonuscd/artists/sole/sole_ext.s3m	549.47K	compilations/modplanet/normal/bonuscd/artists/sole/sole_ext.s3m
file music-module	mirrors/scenesp.org/compilations/modplanet/normal/bonuscd/artists/sole/sole_in1.s3m	148.28K	compilations/modplanet/normal/bonuscd/artists/sole/sole_in1.s3m
file music-module	mirrors/scenesp.org/compilations/modplanet/normal/bonuscd/artists/sole/sole_in2.s3m	267.70K	compilations/modplanet/normal/bonuscd/artists/sole/sole_in2.s3m
file music-module	mirrors/scenesp.org/compilations/modplanet/normal/bonuscd/artists/sole/sole_mel.s3m	660.98K	compilations/modplanet/normal/bonuscd/artists/sole/sole_mel.s3m
file music-module	mirrors/scenesp.org/compilations/modplanet/normal/bonuscd/artists/sole/sole_pri.s3m	251.12K	compilations/modplanet/normal/bonuscd/artists/sole/sole_pri.s3m
file music-module	mirrors/scenesp.org/compilations/modplanet/normal/bonuscd/artists/sole/sole_pro.s3m	386.36K	compilations/modplanet/normal/bonuscd/artists/sole/sole_pro.s3m
file music-module	mirrors/scenesp.org/compilations/modplanet/normal/bonuscd/artists/sole/sole_rsu.s3m	104.00K	compilations/modplanet/normal/bonuscd/artists/sole/sole_rsu.s3m
file music-module	mirrors/scenesp.org/compilations/modplanet/normal/bonuscd/artists/sole/sole_sol.s3m	127.88K	compilations/modplanet/normal/bonuscd/artists/sole/sole_sol.s3m
file music-module	mirrors/scenesp.org/compilations/modplanet/normal/bonuscd/artists/sonar/%23trouble%23's 1sttry creditz.s3m	96.03K	compilations/modplanet/normal/bonuscd/artists/sonar/%23trouble%23's 1sttry creditz.s3m
file music-module	mirrors/scenesp.org/compilations/modplanet/normal/bonuscd/artists/sonar/dontknow hymn.s3m	179.04K	compilations/modplanet/normal/bonuscd/artists/sonar/dontknow hymn.s3m
file music-module	mirrors/scenesp.org/compilations/modplanet/normal/bonuscd/artists/vaw/by.s3m	562.26K	compilations/modplanet/normal/bonuscd/artists/vaw/by.s3m
file music-module	mirrors/scenesp.org/compilations/modplanet/normal/bonuscd/artists/wally/e-93746.s3m	163.00K	compilations/modplanet/normal/bonuscd/artists/wally/e-93746.s3m
file music-module	mirrors/scenesp.org/compilations/modplanet/normal/bonuscd/artists/wonder/a man in a bottle.s3m	29.51K	compilations/modplanet/normal/bonuscd/artists/wonder/a man in a bottle.s3m
file music-module	mirrors/scenesp.org/compilations/modplanet/normal/bonuscd/artists/wonder/Smash! & Wonder - Queen of sun.s3m	399.58K	compilations/modplanet/normal/bonuscd/artists/wonder/Smash! & Wonder - Queen of sun.s3m
file music-module	mirrors/scenesp.org/compilations/modplanet/normal/bonuscd/artists/wonder/WND_WVSW.S3M	28.82K	compilations/modplanet/normal/bonuscd/artists/wonder/WND_WVSW.S3M
file music-module	mirrors/scenesp.org/compilations/modplanet/normal/bonuscd/artists/wonder/Wonder - 30 min. street compo fight.s3m	21.82K	compilations/modplanet/normal/bonuscd/artists/wonder/Wonder - 30 min. street compo fight.s3m
file music-module	mirrors/scenesp.org/compilations/modplanet/normal/bonuscd/demodulate/pc intros/bcnparty01 invtro by fuzzion.s3m	35.18K	compilations/modplanet/normal/bonuscd/demodulate/pc intros/bcnparty01 invtro by fuzzion.s3m
file music-module	mirrors/scenesp.org/compilations/modplanet/normal/bonuscd/demodulate/pc intros/durantro 2 by iguana and chanka.s3m	29.51K	compilations/modplanet/normal/bonuscd/demodulate/pc intros/durantro 2 by iguana and chanka.s3m
file music-module	mirrors/scenesp.org/compilations/modplanet/normal/bonuscd/modulez ohc/m1/2MIN.S3M	100.76K	compilations/modplanet/normal/bonuscd/modulez ohc/m1/2MIN.S3M
file music-module	mirrors/scenesp.org/compilations/modplanet/normal/bonuscd/modulez ohc/m1/SAMPLE.S3M	61.94K	compilations/modplanet/normal/bonuscd/modulez ohc/m1/SAMPLE.S3M
file music-module	mirrors/scenesp.org/compilations/modplanet/normal/bonuscd/modulez ohc/m8/ghotic.s3m	99.84K	compilations/modplanet/normal/bonuscd/modulez ohc/m8/ghotic.s3m
file music-module	mirrors/scenesp.org/compilations/modplanet/normal/bonuscd/modulez ohc/m8/r&b.s3m	66.64K	compilations/modplanet/normal/bonuscd/modulez ohc/m8/r&b.s3m
file music-module	mirrors/scenesp.org/compilations/modplanet/normal/bonuscd/modulez ohc/m9/doskpop.s3m	119.80K	compilations/modplanet/normal/bonuscd/modulez ohc/m9/doskpop.s3m
file music-module	mirrors/scenesp.org/compilations/modplanet/normal/bonuscd/pcmania and future music/ALEA.S3M	447.75K	compilations/modplanet/normal/bonuscd/pcmania and future music/ALEA.S3M
file music-module	mirrors/scenesp.org/compilations/modplanet/normal/bonuscd/pcmania and future music/ANTICRIS.S3M	823.36K	compilations/modplanet/normal/bonuscd/pcmania and future music/ANTICRIS.S3M
file music-module	mirrors/scenesp.org/compilations/modplanet/normal/bonuscd/pcmania and future music/HASTE9.S3M	309.72K	compilations/modplanet/normal/bonuscd/pcmania and future music/HASTE9.S3M
file music-module	mirrors/scenesp.org/compilations/modplanet/normal/bonuscd/pcmania and future music/LITTLEP2.S3M	248.83K	compilations/modplanet/normal/bonuscd/pcmania and future music/LITTLEP2.S3M
file music-module	mirrors/scenesp.org/compilations/modplanet/normal/bonuscd/pcmania and future music/OUT_OF_S.S3M	859.46K	compilations/modplanet/normal/bonuscd/pcmania and future music/OUT_OF_S.S3M
file music-module	mirrors/scenesp.org/compilations/modplanet/normal/bonuscd/pcmania and future music/jacko/TRANCE.S3M	844.83K	compilations/modplanet/normal/bonuscd/pcmania and future music/jacko/TRANCE.S3M
file music-module	mirrors/scenesp.org/compilations/modplanet/normal/bonuscd/pcmania and future music/zoltar/FISTROPI.S3M	288.11K	compilations/modplanet/normal/bonuscd/pcmania and future music/zoltar/FISTROPI.S3M
file music-module	mirrors/scenesp.org/compilations/modplanet/normal/cd1/amiga artists/estrayk/despair.s3m	314.45K	compilations/modplanet/normal/cd1/amiga artists/estrayk/despair.s3m
file music-module	mirrors/scenesp.org/compilations/modplanet/normal/cd1/amiga artists/estrayk/FOREST_O.S3M	280.85K	compilations/modplanet/normal/cd1/amiga artists/estrayk/FOREST_O.S3M
file music-module	mirrors/scenesp.org/compilations/modplanet/normal/cd1/pc artists A-M/awesome/ANCIENT.S3M	374.67K	compilations/modplanet/normal/cd1/pc artists A-M/awesome/ANCIENT.S3M
file music-module	mirrors/scenesp.org/compilations/modplanet/normal/cd1/pc artists A-M/awesome/AWESOME_.S3M	560.49K	compilations/modplanet/normal/cd1/pc artists A-M/awesome/AWESOME_.S3M
file music-module	mirrors/scenesp.org/compilations/modplanet/normal/cd1/pc artists A-M/awesome/CHRISTMA.S3M	122.85K	compilations/modplanet/normal/cd1/pc artists A-M/awesome/CHRISTMA.S3M
file music-module	mirrors/scenesp.org/compilations/modplanet/normal/cd1/pc artists A-M/awesome/DREAMS_I.S3M	375.56K	compilations/modplanet/normal/cd1/pc artists A-M/awesome/DREAMS_I.S3M
file music-module	mirrors/scenesp.org/compilations/modplanet/normal/cd1/pc artists A-M/awesome/I'M_IN_L.S3M	293.89K	compilations/modplanet/normal/cd1/pc artists A-M/awesome/I'M_IN_L.S3M
file music-module	mirrors/scenesp.org/compilations/modplanet/normal/cd1/pc artists A-M/awesome/I_PROMIS.S3M	1.01M	compilations/modplanet/normal/cd1/pc artists A-M/awesome/I_PROMIS.S3M
file music-module	mirrors/scenesp.org/compilations/modplanet/normal/cd1/pc artists A-M/awesome/LIGHT_OF.S3M	666.62K	compilations/modplanet/normal/cd1/pc artists A-M/awesome/LIGHT_OF.S3M
file music-module	mirrors/scenesp.org/compilations/modplanet/normal/cd1/pc artists A-M/awesome/MAGIC.S3M	707.28K	compilations/modplanet/normal/cd1/pc artists A-M/awesome/MAGIC.S3M
file music-module	mirrors/scenesp.org/compilations/modplanet/normal/cd1/pc artists A-M/awesome/PRODIGY_.S3M	143.29K	compilations/modplanet/normal/cd1/pc artists A-M/awesome/PRODIGY_.S3M
file music-module	mirrors/scenesp.org/compilations/modplanet/normal/cd1/pc artists A-M/awesome/RACKTIME.S3M	402.75K	compilations/modplanet/normal/cd1/pc artists A-M/awesome/RACKTIME.S3M
file music-module	mirrors/scenesp.org/compilations/modplanet/normal/cd1/pc artists A-M/awesome/STAND_BY.S3M	801.54K	compilations/modplanet/normal/cd1/pc artists A-M/awesome/STAND_BY.S3M
file music-module	mirrors/scenesp.org/compilations/modplanet/normal/cd1/pc artists A-M/awesome/THE_NEVE.S3M	1.00M	compilations/modplanet/normal/cd1/pc artists A-M/awesome/THE_NEVE.S3M
file music-module	mirrors/scenesp.org/compilations/modplanet/normal/cd1/pc artists A-M/awesome/TIME_FOR.S3M	436.82K	compilations/modplanet/normal/cd1/pc artists A-M/awesome/TIME_FOR.S3M
file music-module	mirrors/scenesp.org/compilations/modplanet/normal/cd1/pc artists A-M/awesome/WATER_AN.S3M	401.05K	compilations/modplanet/normal/cd1/pc artists A-M/awesome/WATER_AN.S3M
file music-module	mirrors/scenesp.org/compilations/modplanet/normal/cd1/pc artists A-M/bpm/bpm-chip.s3m	13.72K	compilations/modplanet/normal/cd1/pc artists A-M/bpm/bpm-chip.s3m
file music-module	mirrors/scenesp.org/compilations/modplanet/normal/cd1/pc artists A-M/bpm/chip_8-d.s3m	4.46K	compilations/modplanet/normal/cd1/pc artists A-M/bpm/chip_8-d.s3m
file music-module	mirrors/scenesp.org/compilations/modplanet/normal/cd1/pc artists A-M/bpm/comp.s3m	48.07K	compilations/modplanet/normal/cd1/pc artists A-M/bpm/comp.s3m
file music-module	mirrors/scenesp.org/compilations/modplanet/normal/cd1/pc artists A-M/bpm/copia.s3m	276.57K	compilations/modplanet/normal/cd1/pc artists A-M/bpm/copia.s3m
file music-module	mirrors/scenesp.org/compilations/modplanet/normal/cd1/pc artists A-M/bpm/core.s3m	406.16K	compilations/modplanet/normal/cd1/pc artists A-M/bpm/core.s3m
file music-module	mirrors/scenesp.org/compilations/modplanet/normal/cd1/pc artists A-M/bpm/DAK.S3M	410.66K	compilations/modplanet/normal/cd1/pc artists A-M/bpm/DAK.S3M
file music-module	mirrors/scenesp.org/compilations/modplanet/normal/cd1/pc artists A-M/bpm/doitnow.s3m	215.98K	compilations/modplanet/normal/cd1/pc artists A-M/bpm/doitnow.s3m
file music-module	mirrors/scenesp.org/compilations/modplanet/normal/cd1/pc artists A-M/bpm/EUNECTEX.S3M	788.87K	compilations/modplanet/normal/cd1/pc artists A-M/bpm/EUNECTEX.S3M
file music-module	mirrors/scenesp.org/compilations/modplanet/normal/cd1/pc artists A-M/bpm/fstar.s3m	459.57K	compilations/modplanet/normal/cd1/pc artists A-M/bpm/fstar.s3m
file music-module	mirrors/scenesp.org/compilations/modplanet/normal/cd1/pc artists A-M/bpm/harmony2.s3m	80.23K	compilations/modplanet/normal/cd1/pc artists A-M/bpm/harmony2.s3m
file music-module	mirrors/scenesp.org/compilations/modplanet/normal/cd1/pc artists A-M/bpm/requiem.s3m	841.98K	compilations/modplanet/normal/cd1/pc artists A-M/bpm/requiem.s3m
file music-module	mirrors/scenesp.org/compilations/modplanet/normal/cd1/pc artists A-M/bpm/test3.s3m	659.12K	compilations/modplanet/normal/cd1/pc artists A-M/bpm/test3.s3m
file music-module	mirrors/scenesp.org/compilations/modplanet/normal/cd1/pc artists A-M/cybersound/cyborg.s3m	29.34K	compilations/modplanet/normal/cd1/pc artists A-M/cybersound/cyborg.s3m
file music-module	mirrors/scenesp.org/compilations/modplanet/normal/cd1/pc artists A-M/debugger/3PIRB.S3M	247.78K	compilations/modplanet/normal/cd1/pc artists A-M/debugger/3PIRB.S3M
file music-module	mirrors/scenesp.org/compilations/modplanet/normal/cd1/pc artists A-M/debugger/4.S3M	169.61K	compilations/modplanet/normal/cd1/pc artists A-M/debugger/4.S3M
file music-module	mirrors/scenesp.org/compilations/modplanet/normal/cd1/pc artists A-M/debugger/BASIC2.S3M	49.94K	compilations/modplanet/normal/cd1/pc artists A-M/debugger/BASIC2.S3M
file music-module	mirrors/scenesp.org/compilations/modplanet/normal/cd1/pc artists A-M/debugger/BRFDS01.S3M	345.07K	compilations/modplanet/normal/cd1/pc artists A-M/debugger/BRFDS01.S3M
file music-module	mirrors/scenesp.org/compilations/modplanet/normal/cd1/pc artists A-M/debugger/b.s3m	8.24K	compilations/modplanet/normal/cd1/pc artists A-M/debugger/b.s3m
file music-module	mirrors/scenesp.org/compilations/modplanet/normal/cd1/pc artists A-M/debugger/DEBUGGER.S3M	309.18K	compilations/modplanet/normal/cd1/pc artists A-M/debugger/DEBUGGER.S3M
file music-module	mirrors/scenesp.org/compilations/modplanet/normal/cd1/pc artists A-M/debugger/HARD3.S3M	11.11K	compilations/modplanet/normal/cd1/pc artists A-M/debugger/HARD3.S3M
file music-module	mirrors/scenesp.org/compilations/modplanet/normal/cd1/pc artists A-M/debugger/MULTI1.S3M	151.96K	compilations/modplanet/normal/cd1/pc artists A-M/debugger/MULTI1.S3M
file music-module	mirrors/scenesp.org/compilations/modplanet/normal/cd1/pc artists A-M/debugger/NV1BB.S3M	93.16K	compilations/modplanet/normal/cd1/pc artists A-M/debugger/NV1BB.S3M
file music-module	mirrors/scenesp.org/compilations/modplanet/normal/cd1/pc artists A-M/debugger/nv1bb2.s3m	5.25K	compilations/modplanet/normal/cd1/pc artists A-M/debugger/nv1bb2.s3m
file music-module	mirrors/scenesp.org/compilations/modplanet/normal/cd1/pc artists A-M/debugger/SHOOT1.S3M	197.35K	compilations/modplanet/normal/cd1/pc artists A-M/debugger/SHOOT1.S3M
file music-module	mirrors/scenesp.org/compilations/modplanet/normal/cd1/pc artists A-M/debugger/SHOOT2.S3M	195.54K	compilations/modplanet/normal/cd1/pc artists A-M/debugger/SHOOT2.S3M
file music-module	mirrors/scenesp.org/compilations/modplanet/normal/cd1/pc artists A-M/debugger/SPARKMAA.S3M	5.25K	compilations/modplanet/normal/cd1/pc artists A-M/debugger/SPARKMAA.S3M
file music-module	mirrors/scenesp.org/compilations/modplanet/normal/cd1/pc artists A-M/debugger/ZELDA1.S3M	2.89K	compilations/modplanet/normal/cd1/pc artists A-M/debugger/ZELDA1.S3M
file music-module	mirrors/scenesp.org/compilations/modplanet/normal/cd1/pc artists A-M/deepnoise/edge.s3m	625.51K	compilations/modplanet/normal/cd1/pc artists A-M/deepnoise/edge.s3m
file music-module	mirrors/scenesp.org/compilations/modplanet/normal/cd1/pc artists A-M/deepnoise/INTRO2.S3M	276.46K	compilations/modplanet/normal/cd1/pc artists A-M/deepnoise/INTRO2.S3M
file music-module	mirrors/scenesp.org/compilations/modplanet/normal/cd1/pc artists A-M/deepnoise/nostalgi.s3m	161.08K	compilations/modplanet/normal/cd1/pc artists A-M/deepnoise/nostalgi.s3m
file music-module	mirrors/scenesp.org/compilations/modplanet/normal/cd1/pc artists A-M/dem/AIR.S3M	416.37K	compilations/modplanet/normal/cd1/pc artists A-M/dem/AIR.S3M
file music-module	mirrors/scenesp.org/compilations/modplanet/normal/cd1/pc artists A-M/dem/AKIRAMIX.S3M	771.28K	compilations/modplanet/normal/cd1/pc artists A-M/dem/AKIRAMIX.S3M
file music-module	mirrors/scenesp.org/compilations/modplanet/normal/cd1/pc artists A-M/dem/ALGORITH.S3M	117.05K	compilations/modplanet/normal/cd1/pc artists A-M/dem/ALGORITH.S3M
file music-module	mirrors/scenesp.org/compilations/modplanet/normal/cd1/pc artists A-M/dem/AWAKE.S3M	402.96K	compilations/modplanet/normal/cd1/pc artists A-M/dem/AWAKE.S3M
file music-module	mirrors/scenesp.org/compilations/modplanet/normal/cd1/pc artists A-M/dem/BOTTLE3.S3M	1.01M	compilations/modplanet/normal/cd1/pc artists A-M/dem/BOTTLE3.S3M
file music-module	mirrors/scenesp.org/compilations/modplanet/normal/cd1/pc artists A-M/dem/BRAIN.S3M	305.97K	compilations/modplanet/normal/cd1/pc artists A-M/dem/BRAIN.S3M
file music-module	mirrors/scenesp.org/compilations/modplanet/normal/cd1/pc artists A-M/dem/CHIP.S3M	10.55K	compilations/modplanet/normal/cd1/pc artists A-M/dem/CHIP.S3M
file music-module	mirrors/scenesp.org/compilations/modplanet/normal/cd1/pc artists A-M/dem/DEMII95.S3M	468.29K	compilations/modplanet/normal/cd1/pc artists A-M/dem/DEMII95.S3M
file music-module	mirrors/scenesp.org/compilations/modplanet/normal/cd1/pc artists A-M/dem/Dem.s3m	345.44K	compilations/modplanet/normal/cd1/pc artists A-M/dem/Dem.s3m
file music-module	mirrors/scenesp.org/compilations/modplanet/normal/cd1/pc artists A-M/dem/ESP.S3M	499.43K	compilations/modplanet/normal/cd1/pc artists A-M/dem/ESP.S3M
file music-module	mirrors/scenesp.org/compilations/modplanet/normal/cd1/pc artists A-M/dem/EXTRAV.S3M	595.52K	compilations/modplanet/normal/cd1/pc artists A-M/dem/EXTRAV.S3M
file music-module	mirrors/scenesp.org/compilations/modplanet/normal/cd1/pc artists A-M/dem/FRIENDS.S3M	539.42K	compilations/modplanet/normal/cd1/pc artists A-M/dem/FRIENDS.S3M
file music-module	mirrors/scenesp.org/compilations/modplanet/normal/cd1/pc artists A-M/dem/GET2.S3M	516.38K	compilations/modplanet/normal/cd1/pc artists A-M/dem/GET2.S3M
file music-module	mirrors/scenesp.org/compilations/modplanet/normal/cd1/pc artists A-M/dem/GOD.S3M	623.67K	compilations/modplanet/normal/cd1/pc artists A-M/dem/GOD.S3M
file music-module	mirrors/scenesp.org/compilations/modplanet/normal/cd1/pc artists A-M/dem/LAST.S3M	447.80K	compilations/modplanet/normal/cd1/pc artists A-M/dem/LAST.S3M
file music-module	mirrors/scenesp.org/compilations/modplanet/normal/cd1/pc artists A-M/dem/LOOPS.S3M	316.62K	compilations/modplanet/normal/cd1/pc artists A-M/dem/LOOPS.S3M
file music-module	mirrors/scenesp.org/compilations/modplanet/normal/cd1/pc artists A-M/dem/NESCAFE.S3M	296.12K	compilations/modplanet/normal/cd1/pc artists A-M/dem/NESCAFE.S3M
file music-module	mirrors/scenesp.org/compilations/modplanet/normal/cd1/pc artists A-M/dem/OLD.S3M	64.79K	compilations/modplanet/normal/cd1/pc artists A-M/dem/OLD.S3M
file music-module	mirrors/scenesp.org/compilations/modplanet/normal/cd1/pc artists A-M/dem/ONESTEP.S3M	376.83K	compilations/modplanet/normal/cd1/pc artists A-M/dem/ONESTEP.S3M
file music-module	mirrors/scenesp.org/compilations/modplanet/normal/cd1/pc artists A-M/dem/OVERCITY.S3M	256.45K	compilations/modplanet/normal/cd1/pc artists A-M/dem/OVERCITY.S3M
file music-module	mirrors/scenesp.org/compilations/modplanet/normal/cd1/pc artists A-M/dem/SHADOWSI.S3M	314.08K	compilations/modplanet/normal/cd1/pc artists A-M/dem/SHADOWSI.S3M
file music-module	mirrors/scenesp.org/compilations/modplanet/normal/cd1/pc artists A-M/dem/THETUNEL.S3M	213.92K	compilations/modplanet/normal/cd1/pc artists A-M/dem/THETUNEL.S3M
file music-module	mirrors/scenesp.org/compilations/modplanet/normal/cd1/pc artists A-M/dem/THE_BASS.S3M	663.77K	compilations/modplanet/normal/cd1/pc artists A-M/dem/THE_BASS.S3M
file music-module	mirrors/scenesp.org/compilations/modplanet/normal/cd1/pc artists A-M/dem/UGOT.S3M	0.97M	compilations/modplanet/normal/cd1/pc artists A-M/dem/UGOT.S3M
file music-module	mirrors/scenesp.org/compilations/modplanet/normal/cd1/pc artists A-M/dem/URBYU.S3M	746.66K	compilations/modplanet/normal/cd1/pc artists A-M/dem/URBYU.S3M
file music-module	mirrors/scenesp.org/compilations/modplanet/normal/cd1/pc artists A-M/dem/WONDAYS.S3M	0.96M	compilations/modplanet/normal/cd1/pc artists A-M/dem/WONDAYS.S3M
file music-module	mirrors/scenesp.org/compilations/modplanet/normal/cd1/pc artists A-M/gigarnaud/birthro.s3m	184.74K	compilations/modplanet/normal/cd1/pc artists A-M/gigarnaud/birthro.s3m
file music-module	mirrors/scenesp.org/compilations/modplanet/normal/cd1/pc artists A-M/impresion/4U.S3M	755.99K	compilations/modplanet/normal/cd1/pc artists A-M/impresion/4U.S3M
file music-module	mirrors/scenesp.org/compilations/modplanet/normal/cd1/pc artists A-M/impresion/AN_ANGEL.S3M	1.04M	compilations/modplanet/normal/cd1/pc artists A-M/impresion/AN_ANGEL.S3M
file music-module	mirrors/scenesp.org/compilations/modplanet/normal/cd1/pc artists A-M/impresion/BE_FUNKY.S3M	705.64K	compilations/modplanet/normal/cd1/pc artists A-M/impresion/BE_FUNKY.S3M
file music-module	mirrors/scenesp.org/compilations/modplanet/normal/cd1/pc artists A-M/impresion/C-ISLAND.S3M	900.98K	compilations/modplanet/normal/cd1/pc artists A-M/impresion/C-ISLAND.S3M
file music-module	mirrors/scenesp.org/compilations/modplanet/normal/cd1/pc artists A-M/impresion/C_M_A_A.S3M	362.87K	compilations/modplanet/normal/cd1/pc artists A-M/impresion/C_M_A_A.S3M
file music-module	mirrors/scenesp.org/compilations/modplanet/normal/cd1/pc artists A-M/impresion/DDSOUND.S3M	698.67K	compilations/modplanet/normal/cd1/pc artists A-M/impresion/DDSOUND.S3M
file music-module	mirrors/scenesp.org/compilations/modplanet/normal/cd1/pc artists A-M/impresion/DONTSTOP.S3M	673.32K	compilations/modplanet/normal/cd1/pc artists A-M/impresion/DONTSTOP.S3M
file music-module	mirrors/scenesp.org/compilations/modplanet/normal/cd1/pc artists A-M/impresion/THE_TIME.S3M	435.87K	compilations/modplanet/normal/cd1/pc artists A-M/impresion/THE_TIME.S3M
file music-module	mirrors/scenesp.org/compilations/modplanet/normal/cd1/pc artists A-M/impresion/TRANCE.S3M	505.37K	compilations/modplanet/normal/cd1/pc artists A-M/impresion/TRANCE.S3M
file music-module	mirrors/scenesp.org/compilations/modplanet/normal/cd1/pc artists A-M/jcl/jcl_123r.s3m	281.60K	compilations/modplanet/normal/cd1/pc artists A-M/jcl/jcl_123r.s3m
file music-module	mirrors/scenesp.org/compilations/modplanet/normal/cd1/pc artists A-M/jcl/jcl_esc.s3m	242.07K	compilations/modplanet/normal/cd1/pc artists A-M/jcl/jcl_esc.s3m
file music-module	mirrors/scenesp.org/compilations/modplanet/normal/cd1/pc artists A-M/jcl/jcl_impr.s3m	273.56K	compilations/modplanet/normal/cd1/pc artists A-M/jcl/jcl_impr.s3m
file music-module	mirrors/scenesp.org/compilations/modplanet/normal/cd1/pc artists A-M/jcl/jcl_sfnk.s3m	94.51K	compilations/modplanet/normal/cd1/pc artists A-M/jcl/jcl_sfnk.s3m
file music-module	mirrors/scenesp.org/compilations/modplanet/normal/cd1/pc artists A-M/jeslan/CHIP.S3M	36.56K	compilations/modplanet/normal/cd1/pc artists A-M/jeslan/CHIP.S3M
file music-module	mirrors/scenesp.org/compilations/modplanet/normal/cd1/pc artists A-M/josele/control2.s3m	174.80K	compilations/modplanet/normal/cd1/pc artists A-M/josele/control2.s3m
file music-module	mirrors/scenesp.org/compilations/modplanet/normal/cd1/pc artists A-M/josele/darkness.s3m	146.76K	compilations/modplanet/normal/cd1/pc artists A-M/josele/darkness.s3m
file music-module	mirrors/scenesp.org/compilations/modplanet/normal/cd1/pc artists A-M/marathon-man/RET-SAT.S3M	223.37K	compilations/modplanet/normal/cd1/pc artists A-M/marathon-man/RET-SAT.S3M
file music-module	mirrors/scenesp.org/compilations/modplanet/normal/cd2/demodulate/pc demos/1sttry 1 by trouble.s3m	123.07K	compilations/modplanet/normal/cd2/demodulate/pc demos/1sttry 1 by trouble.s3m
file music-module	mirrors/scenesp.org/compilations/modplanet/normal/cd2/demodulate/pc demos/1sttry 2 by trouble.s3m	179.04K	compilations/modplanet/normal/cd2/demodulate/pc demos/1sttry 2 by trouble.s3m
file music-module	mirrors/scenesp.org/compilations/modplanet/normal/cd2/demodulate/pc demos/1sttry 3 by trouble.s3m	96.03K	compilations/modplanet/normal/cd2/demodulate/pc demos/1sttry 3 by trouble.s3m
file music-module	mirrors/scenesp.org/compilations/modplanet/normal/cd2/demodulate/pc demos/afraid by elerium core.s3m	234.91K	compilations/modplanet/normal/cd2/demodulate/pc demos/afraid by elerium core.s3m
file music-module	mirrors/scenesp.org/compilations/modplanet/normal/cd2/demodulate/pc demos/asm94 report 2 by iguana.s3m	256.53K	compilations/modplanet/normal/cd2/demodulate/pc demos/asm94 report 2 by iguana.s3m
file music-module	mirrors/scenesp.org/compilations/modplanet/normal/cd2/demodulate/pc demos/asm94 report 3 by iguana.s3m	205.18K	compilations/modplanet/normal/cd2/demodulate/pc demos/asm94 report 3 by iguana.s3m
file music-module	mirrors/scenesp.org/compilations/modplanet/normal/cd2/demodulate/pc demos/birthro by d-lirium.s3m	184.74K	compilations/modplanet/normal/cd2/demodulate/pc demos/birthro by d-lirium.s3m
file music-module	mirrors/scenesp.org/compilations/modplanet/normal/cd2/demodulate/pc demos/can you by tpm.s3m	105.75K	compilations/modplanet/normal/cd2/demodulate/pc demos/can you by tpm.s3m
file music-module	mirrors/scenesp.org/compilations/modplanet/normal/cd2/demodulate/pc demos/corruption by savage.s3m	375.20K	compilations/modplanet/normal/cd2/demodulate/pc demos/corruption by savage.s3m
file music-module	mirrors/scenesp.org/compilations/modplanet/normal/cd2/demodulate/pc demos/dancing shadows 1 by zoran.s3m	256.45K	compilations/modplanet/normal/cd2/demodulate/pc demos/dancing shadows 1 by zoran.s3m
file music-module	mirrors/scenesp.org/compilations/modplanet/normal/cd2/demodulate/pc demos/dancing shadows 2 by zoran.s3m	213.92K	compilations/modplanet/normal/cd2/demodulate/pc demos/dancing shadows 2 by zoran.s3m
file music-module	mirrors/scenesp.org/compilations/modplanet/normal/cd2/demodulate/pc demos/dancing shadows 3 by zoran.s3m	314.08K	compilations/modplanet/normal/cd2/demodulate/pc demos/dancing shadows 3 by zoran.s3m
file music-module	mirrors/scenesp.org/compilations/modplanet/normal/cd2/demodulate/pc demos/despair by iguana.s3m	314.45K	compilations/modplanet/normal/cd2/demodulate/pc demos/despair by iguana.s3m
file music-module	mirrors/scenesp.org/compilations/modplanet/normal/cd2/demodulate/pc demos/eunectex by anaconda.s3m	788.87K	compilations/modplanet/normal/cd2/demodulate/pc demos/eunectex by anaconda.s3m
file music-module	mirrors/scenesp.org/compilations/modplanet/normal/cd2/demodulate/pc demos/euskal party 3 report 1 by crystal shade.s3m	191.91K	compilations/modplanet/normal/cd2/demodulate/pc demos/euskal party 3 report 1 by crystal shade.s3m
file music-module	mirrors/scenesp.org/compilations/modplanet/normal/cd2/demodulate/pc demos/euskal party 3 report 2 by crystal shade.s3m	203.12K	compilations/modplanet/normal/cd2/demodulate/pc demos/euskal party 3 report 2 by crystal shade.s3m
file music-module	mirrors/scenesp.org/compilations/modplanet/normal/cd2/demodulate/pc demos/euskal party 3 report 3 by crystal shade.s3m	259.42K	compilations/modplanet/normal/cd2/demodulate/pc demos/euskal party 3 report 3 by crystal shade.s3m
file music-module	mirrors/scenesp.org/compilations/modplanet/normal/cd2/demodulate/pc demos/euskal party 4 invtro by iguana.s3m	280.85K	compilations/modplanet/normal/cd2/demodulate/pc demos/euskal party 4 invtro by iguana.s3m
file music-module	mirrors/scenesp.org/compilations/modplanet/normal/cd2/demodulate/pc demos/euskal party 5 invtro by iguana.s3m	233.55K	compilations/modplanet/normal/cd2/demodulate/pc demos/euskal party 5 invtro by iguana.s3m
file music-module	mirrors/scenesp.org/compilations/modplanet/normal/cd2/demodulate/pc demos/fistropia by deadline.s3m	288.11K	compilations/modplanet/normal/cd2/demodulate/pc demos/fistropia by deadline.s3m
file music-module	mirrors/scenesp.org/compilations/modplanet/normal/cd2/demodulate/pc demos/genesis by dosis.s3m	569.22K	compilations/modplanet/normal/cd2/demodulate/pc demos/genesis by dosis.s3m
file music-module	mirrors/scenesp.org/compilations/modplanet/normal/cd2/demodulate/pc demos/men machine 1 by savage.s3m	675.97K	compilations/modplanet/normal/cd2/demodulate/pc demos/men machine 1 by savage.s3m
file music-module	mirrors/scenesp.org/compilations/modplanet/normal/cd2/demodulate/pc demos/men machine 2 by savage.s3m	376.03K	compilations/modplanet/normal/cd2/demodulate/pc demos/men machine 2 by savage.s3m
file music-module	mirrors/scenesp.org/compilations/modplanet/normal/cd2/demodulate/pc demos/no time by trouble.s3m	782.76K	compilations/modplanet/normal/cd2/demodulate/pc demos/no time by trouble.s3m
file music-module	mirrors/scenesp.org/compilations/modplanet/normal/cd2/demodulate/pc demos/pump by iguana.s3m	294.95K	compilations/modplanet/normal/cd2/demodulate/pc demos/pump by iguana.s3m
file music-module	mirrors/scenesp.org/compilations/modplanet/normal/cd2/demodulate/pc demos/requiem by anaconda.s3m	844.67K	compilations/modplanet/normal/cd2/demodulate/pc demos/requiem by anaconda.s3m
file music-module	mirrors/scenesp.org/compilations/modplanet/normal/cd2/demodulate/pc demos/segmentation fault by virtual fantasies.s3m	194.48K	compilations/modplanet/normal/cd2/demodulate/pc demos/segmentation fault by virtual fantasies.s3m
file music-module	mirrors/scenesp.org/compilations/modplanet/normal/cd2/demodulate/pc demos/spirit of psychodelia 1 by crystal shade.s3m	430.12K	compilations/modplanet/normal/cd2/demodulate/pc demos/spirit of psychodelia 1 by crystal shade.s3m
file music-module	mirrors/scenesp.org/compilations/modplanet/normal/cd2/demodulate/pc demos/spirit of psychodelia 2 by crystal shade.s3m	299.09K	compilations/modplanet/normal/cd2/demodulate/pc demos/spirit of psychodelia 2 by crystal shade.s3m
file music-module	mirrors/scenesp.org/compilations/modplanet/normal/cd2/demodulate/pc demos/spirit of psychodelia 3 by crystal shade.s3m	340.09K	compilations/modplanet/normal/cd2/demodulate/pc demos/spirit of psychodelia 3 by crystal shade.s3m
file music-module	mirrors/scenesp.org/compilations/modplanet/normal/cd2/demodulate/pc demos/spirit of psychodelia 4 by crystal shade.s3m	195.22K	compilations/modplanet/normal/cd2/demodulate/pc demos/spirit of psychodelia 4 by crystal shade.s3m
file music-module	mirrors/scenesp.org/compilations/modplanet/normal/cd2/demodulate/pc demos/telefake 1 by gen-x.s3m	233.79K	compilations/modplanet/normal/cd2/demodulate/pc demos/telefake 1 by gen-x.s3m
file music-module	mirrors/scenesp.org/compilations/modplanet/normal/cd2/demodulate/pc demos/telefake 2 by gen-x.s3m	549.11K	compilations/modplanet/normal/cd2/demodulate/pc demos/telefake 2 by gen-x.s3m
file music-module	mirrors/scenesp.org/compilations/modplanet/normal/cd2/demodulate/pc demos/telefake 3 by gen-x.s3m	485.22K	compilations/modplanet/normal/cd2/demodulate/pc demos/telefake 3 by gen-x.s3m
file music-module	mirrors/scenesp.org/compilations/modplanet/normal/cd2/demodulate/pc demos/tope kie 2 by elite.s3m	681.56K	compilations/modplanet/normal/cd2/demodulate/pc demos/tope kie 2 by elite.s3m
file music-module	mirrors/scenesp.org/compilations/modplanet/normal/cd2/demodulate/pc intros/3h by fuzzion.s3m	19.87K	compilations/modplanet/normal/cd2/demodulate/pc intros/3h by fuzzion.s3m
file music-module	mirrors/scenesp.org/compilations/modplanet/normal/cd2/demodulate/pc intros/bcnparty01 invtro by fuzzion.s3m	35.18K	compilations/modplanet/normal/cd2/demodulate/pc intros/bcnparty01 invtro by fuzzion.s3m
file music-module	mirrors/scenesp.org/compilations/modplanet/normal/cd2/demodulate/pc intros/coding style by rgba.s3m	38.81K	compilations/modplanet/normal/cd2/demodulate/pc intros/coding style by rgba.s3m
file music-module	mirrors/scenesp.org/compilations/modplanet/normal/cd2/demodulate/pc intros/deep by savage.s3m	23.85K	compilations/modplanet/normal/cd2/demodulate/pc intros/deep by savage.s3m
file music-module	mirrors/scenesp.org/compilations/modplanet/normal/cd2/demodulate/pc intros/fake by genesis.s3m	276.64K	compilations/modplanet/normal/cd2/demodulate/pc intros/fake by genesis.s3m
file music-module	mirrors/scenesp.org/compilations/modplanet/normal/cd2/demodulate/pc intros/rand by fuzzion.s3m	40.46K	compilations/modplanet/normal/cd2/demodulate/pc intros/rand by fuzzion.s3m
file music-module	mirrors/scenesp.org/compilations/modplanet/normal/cd2/demodulate/pc intros/robot island by savage.s3m	31.67K	compilations/modplanet/normal/cd2/demodulate/pc intros/robot island by savage.s3m
file music-module	mirrors/scenesp.org/compilations/modplanet/normal/cd2/demodulate/pc intros/the cube by savage.s3m	31.70K	compilations/modplanet/normal/cd2/demodulate/pc intros/the cube by savage.s3m
file music-module	mirrors/scenesp.org/compilations/modplanet/normal/cd2/misc/chipcorner/Ser_45.s3m	10.05K	compilations/modplanet/normal/cd2/misc/chipcorner/Ser_45.s3m
file music-module	mirrors/scenesp.org/compilations/modplanet/normal/cd2/misc/chipcorner/wnd_m28.s3m	106.16K	compilations/modplanet/normal/cd2/misc/chipcorner/wnd_m28.s3m
file music-module	mirrors/scenesp.org/compilations/modplanet/normal/cd2/misc/chipcorner/yr_fstar.s3m	5.67K	compilations/modplanet/normal/cd2/misc/chipcorner/yr_fstar.s3m
file music-module	mirrors/scenesp.org/compilations/modplanet/normal/cd2/music disks/pc/fuzzion - ofFlimitS v1.1 linux/audio/deep.s3m	23.85K	compilations/modplanet/normal/cd2/music disks/pc/fuzzion - ofFlimitS v1.1 linux/audio/deep.s3m
file music-module	mirrors/scenesp.org/compilations/modplanet/normal/cd2/music disks/pc/fuzzion - ofFlimitS v1.1 linux/audio/fake.s3m	276.64K	compilations/modplanet/normal/cd2/music disks/pc/fuzzion - ofFlimitS v1.1 linux/audio/fake.s3m
file music-module	mirrors/scenesp.org/compilations/modplanet/normal/cd2/music disks/pc/fuzzion - ofFlimitS v1.1 linux/audio/thecube.s3m	31.70K	compilations/modplanet/normal/cd2/music disks/pc/fuzzion - ofFlimitS v1.1 linux/audio/thecube.s3m
file music-module	mirrors/scenesp.org/compilations/modplanet/normal/cd2/music disks/pc/fuzzion - ofFlimitS v1.1 linux/audio/wnd_risl.s3m	31.67K	compilations/modplanet/normal/cd2/music disks/pc/fuzzion - ofFlimitS v1.1 linux/audio/wnd_risl.s3m
file music-module	mirrors/scenesp.org/compilations/modplanet/normal/cd2/music disks/pc/fuzzion - ofFlimitS v1.1 linux/audio/v1.2/coding style original.s3m	38.81K	compilations/modplanet/normal/cd2/music disks/pc/fuzzion - ofFlimitS v1.1 linux/audio/v1.2/coding style original.s3m
file music-module	mirrors/scenesp.org/compilations/modplanet/normal/cd2/music disks/pc/fuzzion - ofFlimitS v1.1 linux/audio/v1.2/KONICSON.S3M	19.87K	compilations/modplanet/normal/cd2/music disks/pc/fuzzion - ofFlimitS v1.1 linux/audio/v1.2/KONICSON.S3M
file music-module	mirrors/scenesp.org/compilations/modplanet/normal/cd2/music disks/pc/fuzzion - ofFlimitS v1.1 linux/audio/v1.2/Radio.s3m	40.46K	compilations/modplanet/normal/cd2/music disks/pc/fuzzion - ofFlimitS v1.1 linux/audio/v1.2/Radio.s3m
file music-module	mirrors/scenesp.org/compilations/modplanet/normal/cd2/music disks/pc/fuzzion - ofFlimitS v1.1 linux/audio/v1.2/WND_DKMP.S3M	35.18K	compilations/modplanet/normal/cd2/music disks/pc/fuzzion - ofFlimitS v1.1 linux/audio/v1.2/WND_DKMP.S3M
file music-module	mirrors/scenesp.org/compilations/modplanet/normal/cd2/music disks/pc/fuzzion - ofFlimitS v1.1 win/audio/deep.s3m	23.85K	compilations/modplanet/normal/cd2/music disks/pc/fuzzion - ofFlimitS v1.1 win/audio/deep.s3m
file music-module	mirrors/scenesp.org/compilations/modplanet/normal/cd2/music disks/pc/fuzzion - ofFlimitS v1.1 win/audio/fake.s3m	276.64K	compilations/modplanet/normal/cd2/music disks/pc/fuzzion - ofFlimitS v1.1 win/audio/fake.s3m
file music-module	mirrors/scenesp.org/compilations/modplanet/normal/cd2/music disks/pc/fuzzion - ofFlimitS v1.1 win/audio/thecube.s3m	31.70K	compilations/modplanet/normal/cd2/music disks/pc/fuzzion - ofFlimitS v1.1 win/audio/thecube.s3m
file music-module	mirrors/scenesp.org/compilations/modplanet/normal/cd2/music disks/pc/fuzzion - ofFlimitS v1.1 win/audio/wnd_risl.s3m	31.67K	compilations/modplanet/normal/cd2/music disks/pc/fuzzion - ofFlimitS v1.1 win/audio/wnd_risl.s3m
file music-module	mirrors/scenesp.org/compilations/modplanet/normal/cd2/music disks/pc/fuzzion - ofFlimitS v1.1 win/audio/v1.2/codingstyle.s3m	38.81K	compilations/modplanet/normal/cd2/music disks/pc/fuzzion - ofFlimitS v1.1 win/audio/v1.2/codingstyle.s3m
file music-module	mirrors/scenesp.org/compilations/modplanet/normal/cd2/music disks/pc/fuzzion - ofFlimitS v1.1 win/audio/v1.2/KONICSON.S3M	19.87K	compilations/modplanet/normal/cd2/music disks/pc/fuzzion - ofFlimitS v1.1 win/audio/v1.2/KONICSON.S3M
file music-module	mirrors/scenesp.org/compilations/modplanet/normal/cd2/music disks/pc/fuzzion - ofFlimitS v1.1 win/audio/v1.2/rand.s3m	40.46K	compilations/modplanet/normal/cd2/music disks/pc/fuzzion - ofFlimitS v1.1 win/audio/v1.2/rand.s3m
file music-module	mirrors/scenesp.org/compilations/modplanet/normal/cd2/music disks/pc/fuzzion - ofFlimitS v1.1 win/audio/v1.2/WND_DKMP.S3M	35.18K	compilations/modplanet/normal/cd2/music disks/pc/fuzzion - ofFlimitS v1.1 win/audio/v1.2/WND_DKMP.S3M
file music-module	mirrors/scenesp.org/compilations/modplanet/normal/cd2/music disks/pc/Savage and Orbital Dreams - Dark Rituals/AVATAR.S3M	856.41K	compilations/modplanet/normal/cd2/music disks/pc/Savage and Orbital Dreams - Dark Rituals/AVATAR.S3M
file music-module	mirrors/scenesp.org/compilations/modplanet/normal/cd2/music disks/pc/Savage and Orbital Dreams - Dark Rituals/CRITICAL.S3M	670.74K	compilations/modplanet/normal/cd2/music disks/pc/Savage and Orbital Dreams - Dark Rituals/CRITICAL.S3M
file music-module	mirrors/scenesp.org/compilations/modplanet/normal/cd2/music disks/pc/Savage and Orbital Dreams - Dark Rituals/DAMNED_S.S3M	847.25K	compilations/modplanet/normal/cd2/music disks/pc/Savage and Orbital Dreams - Dark Rituals/DAMNED_S.S3M
file music-module	mirrors/scenesp.org/compilations/modplanet/normal/cd2/music disks/pc/Savage and Orbital Dreams - Dark Rituals/DARKRIT.S3M	814.27K	compilations/modplanet/normal/cd2/music disks/pc/Savage and Orbital Dreams - Dark Rituals/DARKRIT.S3M
file music-module	mirrors/scenesp.org/compilations/modplanet/normal/cd2/music disks/pc/Savage and Orbital Dreams - Dark Rituals/DRAGON.S3M	756.09K	compilations/modplanet/normal/cd2/music disks/pc/Savage and Orbital Dreams - Dark Rituals/DRAGON.S3M
file music-module	mirrors/scenesp.org/compilations/modplanet/normal/cd2/music disks/pc/Savage and Orbital Dreams - Dark Rituals/PEACE.S3M	636.86K	compilations/modplanet/normal/cd2/music disks/pc/Savage and Orbital Dreams - Dark Rituals/PEACE.S3M
file music-module	mirrors/scenesp.org/compilations/modplanet/normal/cd2/music disks/pc/Savage and Orbital Dreams - Dark Rituals/QUEENOF.S3M	399.58K	compilations/modplanet/normal/cd2/music disks/pc/Savage and Orbital Dreams - Dark Rituals/QUEENOF.S3M
file music-module	mirrors/scenesp.org/compilations/modplanet/normal/cd2/music disks/pc/Savage and Orbital Dreams - Dark Rituals/REMEMBER.S3M	0.98M	compilations/modplanet/normal/cd2/music disks/pc/Savage and Orbital Dreams - Dark Rituals/REMEMBER.S3M
file music-module	mirrors/scenesp.org/compilations/modplanet/normal/cd2/music disks/pc/Savage and Orbital Dreams - Dark Rituals/REVENGE.S3M	276.45K	compilations/modplanet/normal/cd2/music disks/pc/Savage and Orbital Dreams - Dark Rituals/REVENGE.S3M
file music-module	mirrors/scenesp.org/compilations/modplanet/normal/cd2/music disks/pc/Savage and Orbital Dreams - Dark Rituals/SORCERER.S3M	847.09K	compilations/modplanet/normal/cd2/music disks/pc/Savage and Orbital Dreams - Dark Rituals/SORCERER.S3M
file music-module	mirrors/scenesp.org/compilations/modplanet/normal/cd2/pc artists N-Z/naif/nf-gwild.s3m	1.04M	compilations/modplanet/normal/cd2/pc artists N-Z/naif/nf-gwild.s3m
file music-module	mirrors/scenesp.org/compilations/modplanet/normal/cd2/pc artists N-Z/noisyman/DREAM3.S3M	296.84K	compilations/modplanet/normal/cd2/pc artists N-Z/noisyman/DREAM3.S3M
file music-module	mirrors/scenesp.org/compilations/modplanet/normal/cd2/pc artists N-Z/noisyman/HYPRSPCE.S3M	320.00K	compilations/modplanet/normal/cd2/pc artists N-Z/noisyman/HYPRSPCE.S3M
file music-module	mirrors/scenesp.org/compilations/modplanet/normal/cd2/pc artists N-Z/noisyman/KK.S3M	6.58K	compilations/modplanet/normal/cd2/pc artists N-Z/noisyman/KK.S3M
file music-module	mirrors/scenesp.org/compilations/modplanet/normal/cd2/pc artists N-Z/noisyman/STATDART.S3M	234.24K	compilations/modplanet/normal/cd2/pc artists N-Z/noisyman/STATDART.S3M
file music-module	mirrors/scenesp.org/compilations/modplanet/normal/cd2/pc artists N-Z/noisyman/THESIGN.S3M	294.95K	compilations/modplanet/normal/cd2/pc artists N-Z/noisyman/THESIGN.S3M
file music-module	mirrors/scenesp.org/compilations/modplanet/normal/cd2/pc artists N-Z/noisyman/TRANCEWO.S3M	233.61K	compilations/modplanet/normal/cd2/pc artists N-Z/noisyman/TRANCEWO.S3M
file music-module	mirrors/scenesp.org/compilations/modplanet/normal/cd2/pc artists N-Z/noisyman/WAVES.S3M	207.44K	compilations/modplanet/normal/cd2/pc artists N-Z/noisyman/WAVES.S3M
file music-module	mirrors/scenesp.org/compilations/modplanet/normal/cd2/pc artists N-Z/orko/GENESIS.S3M	569.22K	compilations/modplanet/normal/cd2/pc artists N-Z/orko/GENESIS.S3M
file music-module	mirrors/scenesp.org/compilations/modplanet/normal/cd2/pc artists N-Z/psyche/4CHANNEL.S3M	161.14K	compilations/modplanet/normal/cd2/pc artists N-Z/psyche/4CHANNEL.S3M
file music-module	mirrors/scenesp.org/compilations/modplanet/normal/cd2/pc artists N-Z/psyche/MANGA.S3M	51.58K	compilations/modplanet/normal/cd2/pc artists N-Z/psyche/MANGA.S3M
file music-module	mirrors/scenesp.org/compilations/modplanet/normal/cd2/pc artists N-Z/psyche/MUSIC1_F.S3M	445.81K	compilations/modplanet/normal/cd2/pc artists N-Z/psyche/MUSIC1_F.S3M
file music-module	mirrors/scenesp.org/compilations/modplanet/normal/cd2/pc artists N-Z/psyche/SOFT.S3M	181.88K	compilations/modplanet/normal/cd2/pc artists N-Z/psyche/SOFT.S3M
file music-module	mirrors/scenesp.org/compilations/modplanet/normal/cd2/pc artists N-Z/psyche/SPIDER.S3M	313.37K	compilations/modplanet/normal/cd2/pc artists N-Z/psyche/SPIDER.S3M
file music-module	mirrors/scenesp.org/compilations/modplanet/normal/cd2/pc artists N-Z/psyche/TETERA.S3M	418.09K	compilations/modplanet/normal/cd2/pc artists N-Z/psyche/TETERA.S3M
file music-module	mirrors/scenesp.org/compilations/modplanet/normal/cd2/pc artists N-Z/samplemind/HMTSONG.S3M	233.79K	compilations/modplanet/normal/cd2/pc artists N-Z/samplemind/HMTSONG.S3M
file music-module	mirrors/scenesp.org/compilations/modplanet/normal/cd2/pc artists N-Z/samplemind/RAWDATA.S3M	549.11K	compilations/modplanet/normal/cd2/pc artists N-Z/samplemind/RAWDATA.S3M
file music-module	mirrors/scenesp.org/compilations/modplanet/normal/cd2/pc artists N-Z/samplemind/SOFTUNE.S3M	485.22K	compilations/modplanet/normal/cd2/pc artists N-Z/samplemind/SOFTUNE.S3M
file music-module	mirrors/scenesp.org/compilations/modplanet/normal/cd2/pc artists N-Z/sergeeo/chiptune/disguise.s3m	48.33K	compilations/modplanet/normal/cd2/pc artists N-Z/sergeeo/chiptune/disguise.s3m
file music-module	mirrors/scenesp.org/compilations/modplanet/normal/cd2/pc artists N-Z/sergeeo/chiptune/gaming.s3m	55.75K	compilations/modplanet/normal/cd2/pc artists N-Z/sergeeo/chiptune/gaming.s3m
file music-module	mirrors/scenesp.org/compilations/modplanet/normal/cd2/pc artists N-Z/sergeeo/chiptune/rendez.s3m	10.05K	compilations/modplanet/normal/cd2/pc artists N-Z/sergeeo/chiptune/rendez.s3m
file music-module	mirrors/scenesp.org/compilations/modplanet/normal/cd2/pc artists N-Z/sergeeo/chiptune/Ser_45.s3m	10.05K	compilations/modplanet/normal/cd2/pc artists N-Z/sergeeo/chiptune/Ser_45.s3m
file music-module	mirrors/scenesp.org/compilations/modplanet/normal/cd2/pc artists N-Z/sergiodj/ALLI.S3M	125.27K	compilations/modplanet/normal/cd2/pc artists N-Z/sergiodj/ALLI.S3M
file music-module	mirrors/scenesp.org/compilations/modplanet/normal/cd2/pc artists N-Z/sergiodj/ALVARO.S3M	215.54K	compilations/modplanet/normal/cd2/pc artists N-Z/sergiodj/ALVARO.S3M
file music-module	mirrors/scenesp.org/compilations/modplanet/normal/cd2/pc artists N-Z/sergiodj/ANOTTT!.S3M	254.47K	compilations/modplanet/normal/cd2/pc artists N-Z/sergiodj/ANOTTT!.S3M
file music-module	mirrors/scenesp.org/compilations/modplanet/normal/cd2/pc artists N-Z/sergiodj/ARCADE_M.S3M	277.95K	compilations/modplanet/normal/cd2/pc artists N-Z/sergiodj/ARCADE_M.S3M
file music-module	mirrors/scenesp.org/compilations/modplanet/normal/cd2/pc artists N-Z/sergiodj/CRACKING.S3M	162.54K	compilations/modplanet/normal/cd2/pc artists N-Z/sergiodj/CRACKING.S3M
file music-module	mirrors/scenesp.org/compilations/modplanet/normal/cd2/pc artists N-Z/sergiodj/D-SHAKE.S3M	212.71K	compilations/modplanet/normal/cd2/pc artists N-Z/sergiodj/D-SHAKE.S3M
file music-module	mirrors/scenesp.org/compilations/modplanet/normal/cd2/pc artists N-Z/sergiodj/DEMO.S3M	786.75K	compilations/modplanet/normal/cd2/pc artists N-Z/sergiodj/DEMO.S3M
file music-module	mirrors/scenesp.org/compilations/modplanet/normal/cd2/pc artists N-Z/sergiodj/EPICTRN.S3M	161.32K	compilations/modplanet/normal/cd2/pc artists N-Z/sergiodj/EPICTRN.S3M
file music-module	mirrors/scenesp.org/compilations/modplanet/normal/cd2/pc artists N-Z/sergiodj/FINALE.S3M	190.69K	compilations/modplanet/normal/cd2/pc artists N-Z/sergiodj/FINALE.S3M
file music-module	mirrors/scenesp.org/compilations/modplanet/normal/cd2/pc artists N-Z/sergiodj/IMPOSS.S3M	225.50K	compilations/modplanet/normal/cd2/pc artists N-Z/sergiodj/IMPOSS.S3M
file music-module	mirrors/scenesp.org/compilations/modplanet/normal/cd2/pc artists N-Z/sergiodj/INTRO.S3M	23.66K	compilations/modplanet/normal/cd2/pc artists N-Z/sergiodj/INTRO.S3M
file music-module	mirrors/scenesp.org/compilations/modplanet/normal/cd2/pc artists N-Z/sergiodj/JACHT.S3M	30.57K	compilations/modplanet/normal/cd2/pc artists N-Z/sergiodj/JACHT.S3M
file music-module	mirrors/scenesp.org/compilations/modplanet/normal/cd2/pc artists N-Z/sergiodj/MAITE.S3M	165.19K	compilations/modplanet/normal/cd2/pc artists N-Z/sergiodj/MAITE.S3M
file music-module	mirrors/scenesp.org/compilations/modplanet/normal/cd2/pc artists N-Z/sergiodj/MAITE1.S3M	193.48K	compilations/modplanet/normal/cd2/pc artists N-Z/sergiodj/MAITE1.S3M
file music-module	mirrors/scenesp.org/compilations/modplanet/normal/cd2/pc artists N-Z/sergiodj/MEMORIES.S3M	190.47K	compilations/modplanet/normal/cd2/pc artists N-Z/sergiodj/MEMORIES.S3M
file music-module	mirrors/scenesp.org/compilations/modplanet/normal/cd2/pc artists N-Z/sergiodj/MILES.S3M	526.40K	compilations/modplanet/normal/cd2/pc artists N-Z/sergiodj/MILES.S3M
file music-module	mirrors/scenesp.org/compilations/modplanet/normal/cd2/pc artists N-Z/sergiodj/MOTHER.S3M	464.09K	compilations/modplanet/normal/cd2/pc artists N-Z/sergiodj/MOTHER.S3M
file music-module	mirrors/scenesp.org/compilations/modplanet/normal/cd2/pc artists N-Z/sergiodj/NEW.S3M	254.82K	compilations/modplanet/normal/cd2/pc artists N-Z/sergiodj/NEW.S3M
file music-module	mirrors/scenesp.org/compilations/modplanet/normal/cd2/pc artists N-Z/sergiodj/NEWAIR.S3M	254.72K	compilations/modplanet/normal/cd2/pc artists N-Z/sergiodj/NEWAIR.S3M
file music-module	mirrors/scenesp.org/compilations/modplanet/normal/cd2/pc artists N-Z/sergiodj/PLAYIT!.S3M	206.83K	compilations/modplanet/normal/cd2/pc artists N-Z/sergiodj/PLAYIT!.S3M
file music-module	mirrors/scenesp.org/compilations/modplanet/normal/cd2/pc artists N-Z/sergiodj/RAQUEL.S3M	243.31K	compilations/modplanet/normal/cd2/pc artists N-Z/sergiodj/RAQUEL.S3M
file music-module	mirrors/scenesp.org/compilations/modplanet/normal/cd2/pc artists N-Z/sergiodj/SERGIO.S3M	286.81K	compilations/modplanet/normal/cd2/pc artists N-Z/sergiodj/SERGIO.S3M
file music-module	mirrors/scenesp.org/compilations/modplanet/normal/cd2/pc artists N-Z/sergiodj/SOME_KIN.S3M	289.98K	compilations/modplanet/normal/cd2/pc artists N-Z/sergiodj/SOME_KIN.S3M
file music-module	mirrors/scenesp.org/compilations/modplanet/normal/cd2/pc artists N-Z/sergiodj/SYLICON.S3M	397.30K	compilations/modplanet/normal/cd2/pc artists N-Z/sergiodj/SYLICON.S3M
file music-module	mirrors/scenesp.org/compilations/modplanet/normal/cd2/pc artists N-Z/sergiodj/T4C.S3M	170.70K	compilations/modplanet/normal/cd2/pc artists N-Z/sergiodj/T4C.S3M
file music-module	mirrors/scenesp.org/compilations/modplanet/normal/cd2/pc artists N-Z/sergiodj/TEKHNO.S3M	138.51K	compilations/modplanet/normal/cd2/pc artists N-Z/sergiodj/TEKHNO.S3M
file music-module	mirrors/scenesp.org/compilations/modplanet/normal/cd2/pc artists N-Z/sergiodj/VALENTIN.S3M	70.88K	compilations/modplanet/normal/cd2/pc artists N-Z/sergiodj/VALENTIN.S3M
file music-module	mirrors/scenesp.org/compilations/modplanet/normal/cd2/pc artists N-Z/sergiodj/WALLS.S3M	63.69K	compilations/modplanet/normal/cd2/pc artists N-Z/sergiodj/WALLS.S3M
file music-module	mirrors/scenesp.org/compilations/modplanet/normal/cd2/pc artists N-Z/sinkro/prj_qntc.S3M	488.60K	compilations/modplanet/normal/cd2/pc artists N-Z/sinkro/prj_qntc.S3M
file music-module	mirrors/scenesp.org/compilations/modplanet/normal/cd2/pc artists N-Z/slaanesh/%23URBAN_B.S3M	361.63K	compilations/modplanet/normal/cd2/pc artists N-Z/slaanesh/%23URBAN_B.S3M
file music-module	mirrors/scenesp.org/compilations/modplanet/normal/cd2/pc artists N-Z/slaanesh/ATOM_ST.S3M	339.02K	compilations/modplanet/normal/cd2/pc artists N-Z/slaanesh/ATOM_ST.S3M
file music-module	mirrors/scenesp.org/compilations/modplanet/normal/cd2/pc artists N-Z/slaanesh/DREAD_F.S3M	420.92K	compilations/modplanet/normal/cd2/pc artists N-Z/slaanesh/DREAD_F.S3M
file music-module	mirrors/scenesp.org/compilations/modplanet/normal/cd2/pc artists N-Z/slaanesh/KEEPER.S3M	886.22K	compilations/modplanet/normal/cd2/pc artists N-Z/slaanesh/KEEPER.S3M
file music-module	mirrors/scenesp.org/compilations/modplanet/normal/cd2/pc artists N-Z/slaanesh/LONFALL.S3M	363.61K	compilations/modplanet/normal/cd2/pc artists N-Z/slaanesh/LONFALL.S3M
file music-module	mirrors/scenesp.org/compilations/modplanet/normal/cd2/pc artists N-Z/slaanesh/M_TIRITH.S3M	494.67K	compilations/modplanet/normal/cd2/pc artists N-Z/slaanesh/M_TIRITH.S3M
file music-module	mirrors/scenesp.org/compilations/modplanet/normal/cd2/pc artists N-Z/slaanesh/NOMAD.S3M	259.42K	compilations/modplanet/normal/cd2/pc artists N-Z/slaanesh/NOMAD.S3M
file music-module	mirrors/scenesp.org/compilations/modplanet/normal/cd2/pc artists N-Z/smash/ATMOSPHR.S3M	198.45K	compilations/modplanet/normal/cd2/pc artists N-Z/smash/ATMOSPHR.S3M
file music-module	mirrors/scenesp.org/compilations/modplanet/normal/cd2/pc artists N-Z/smash/AVATAR.S3M	856.41K	compilations/modplanet/normal/cd2/pc artists N-Z/smash/AVATAR.S3M
file music-module	mirrors/scenesp.org/compilations/modplanet/normal/cd2/pc artists N-Z/smash/BEHIND_U.S3M	195.19K	compilations/modplanet/normal/cd2/pc artists N-Z/smash/BEHIND_U.S3M
file music-module	mirrors/scenesp.org/compilations/modplanet/normal/cd2/pc artists N-Z/smash/BG_AGAIN.S3M	159.45K	compilations/modplanet/normal/cd2/pc artists N-Z/smash/BG_AGAIN.S3M
file music-module	mirrors/scenesp.org/compilations/modplanet/normal/cd2/pc artists N-Z/smash/BLOODY_2.S3M	116.49K	compilations/modplanet/normal/cd2/pc artists N-Z/smash/BLOODY_2.S3M
file music-module	mirrors/scenesp.org/compilations/modplanet/normal/cd2/pc artists N-Z/smash/BLOODY_3.S3M	473.52K	compilations/modplanet/normal/cd2/pc artists N-Z/smash/BLOODY_3.S3M
file music-module	mirrors/scenesp.org/compilations/modplanet/normal/cd2/pc artists N-Z/smash/CRASH.S3M	159.04K	compilations/modplanet/normal/cd2/pc artists N-Z/smash/CRASH.S3M
file music-module	mirrors/scenesp.org/compilations/modplanet/normal/cd2/pc artists N-Z/smash/CRITICAL.S3M	671.38K	compilations/modplanet/normal/cd2/pc artists N-Z/smash/CRITICAL.S3M
file music-module	mirrors/scenesp.org/compilations/modplanet/normal/cd2/pc artists N-Z/smash/C_TANGO.S3M	3.53K	compilations/modplanet/normal/cd2/pc artists N-Z/smash/C_TANGO.S3M
file music-module	mirrors/scenesp.org/compilations/modplanet/normal/cd2/pc artists N-Z/smash/DAFUCK2.S3M	375.20K	compilations/modplanet/normal/cd2/pc artists N-Z/smash/DAFUCK2.S3M
file music-module	mirrors/scenesp.org/compilations/modplanet/normal/cd2/pc artists N-Z/smash/DARKRIT.S3M	814.27K	compilations/modplanet/normal/cd2/pc artists N-Z/smash/DARKRIT.S3M
file music-module	mirrors/scenesp.org/compilations/modplanet/normal/cd2/pc artists N-Z/smash/DREAD_F.S3M	420.92K	compilations/modplanet/normal/cd2/pc artists N-Z/smash/DREAD_F.S3M
file music-module	mirrors/scenesp.org/compilations/modplanet/normal/cd2/pc artists N-Z/smash/DREAM.S3M	303.26K	compilations/modplanet/normal/cd2/pc artists N-Z/smash/DREAM.S3M
file music-module	mirrors/scenesp.org/compilations/modplanet/normal/cd2/pc artists N-Z/smash/ELECTRIC.S3M	151.13K	compilations/modplanet/normal/cd2/pc artists N-Z/smash/ELECTRIC.S3M
file music-module	mirrors/scenesp.org/compilations/modplanet/normal/cd2/pc artists N-Z/smash/EP3-REPO.S3M	191.98K	compilations/modplanet/normal/cd2/pc artists N-Z/smash/EP3-REPO.S3M
file music-module	mirrors/scenesp.org/compilations/modplanet/normal/cd2/pc artists N-Z/smash/FALLING_.S3M	248.19K	compilations/modplanet/normal/cd2/pc artists N-Z/smash/FALLING_.S3M
file music-module	mirrors/scenesp.org/compilations/modplanet/normal/cd2/pc artists N-Z/smash/GO_WILD.S3M	206.34K	compilations/modplanet/normal/cd2/pc artists N-Z/smash/GO_WILD.S3M
file music-module	mirrors/scenesp.org/compilations/modplanet/normal/cd2/pc artists N-Z/smash/HBTS.S3M	218.91K	compilations/modplanet/normal/cd2/pc artists N-Z/smash/HBTS.S3M
file music-module	mirrors/scenesp.org/compilations/modplanet/normal/cd2/pc artists N-Z/smash/HBW.S3M	181.12K	compilations/modplanet/normal/cd2/pc artists N-Z/smash/HBW.S3M
file music-module	mirrors/scenesp.org/compilations/modplanet/normal/cd2/pc artists N-Z/smash/HEAT.S3M	310.75K	compilations/modplanet/normal/cd2/pc artists N-Z/smash/HEAT.S3M
file music-module	mirrors/scenesp.org/compilations/modplanet/normal/cd2/pc artists N-Z/smash/ICENIGHT.S3M	270.00K	compilations/modplanet/normal/cd2/pc artists N-Z/smash/ICENIGHT.S3M
file music-module	mirrors/scenesp.org/compilations/modplanet/normal/cd2/pc artists N-Z/smash/I_MOTION.S3M	358.71K	compilations/modplanet/normal/cd2/pc artists N-Z/smash/I_MOTION.S3M
file music-module	mirrors/scenesp.org/compilations/modplanet/normal/cd2/pc artists N-Z/smash/LK_GAME.S3M	31.70K	compilations/modplanet/normal/cd2/pc artists N-Z/smash/LK_GAME.S3M
file music-module	mirrors/scenesp.org/compilations/modplanet/normal/cd2/pc artists N-Z/smash/LST_TIME.S3M	219.70K	compilations/modplanet/normal/cd2/pc artists N-Z/smash/LST_TIME.S3M
file music-module	mirrors/scenesp.org/compilations/modplanet/normal/cd2/pc artists N-Z/smash/MAGIC!2.S3M	513.11K	compilations/modplanet/normal/cd2/pc artists N-Z/smash/MAGIC!2.S3M
file music-module	mirrors/scenesp.org/compilations/modplanet/normal/cd2/pc artists N-Z/smash/MAYBE.S3M	0.98M	compilations/modplanet/normal/cd2/pc artists N-Z/smash/MAYBE.S3M
file music-module	mirrors/scenesp.org/compilations/modplanet/normal/cd2/pc artists N-Z/smash/MENTAL.S3M	0.96M	compilations/modplanet/normal/cd2/pc artists N-Z/smash/MENTAL.S3M
file music-module	mirrors/scenesp.org/compilations/modplanet/normal/cd2/pc artists N-Z/smash/MIRROR.S3M	176.28K	compilations/modplanet/normal/cd2/pc artists N-Z/smash/MIRROR.S3M
file music-module	mirrors/scenesp.org/compilations/modplanet/normal/cd2/pc artists N-Z/smash/MM1.S3M	675.97K	compilations/modplanet/normal/cd2/pc artists N-Z/smash/MM1.S3M
file music-module	mirrors/scenesp.org/compilations/modplanet/normal/cd2/pc artists N-Z/smash/MTHOUGHT.S3M	430.09K	compilations/modplanet/normal/cd2/pc artists N-Z/smash/MTHOUGHT.S3M
file music-module	mirrors/scenesp.org/compilations/modplanet/normal/cd2/pc artists N-Z/smash/MUSICA.S3M	344.59K	compilations/modplanet/normal/cd2/pc artists N-Z/smash/MUSICA.S3M
file music-module	mirrors/scenesp.org/compilations/modplanet/normal/cd2/pc artists N-Z/smash/NEAR_FUT.S3M	293.42K	compilations/modplanet/normal/cd2/pc artists N-Z/smash/NEAR_FUT.S3M
file music-module	mirrors/scenesp.org/compilations/modplanet/normal/cd2/pc artists N-Z/smash/PATH.S3M	203.92K	compilations/modplanet/normal/cd2/pc artists N-Z/smash/PATH.S3M
file music-module	mirrors/scenesp.org/compilations/modplanet/normal/cd2/pc artists N-Z/smash/PEACE.S3M	636.86K	compilations/modplanet/normal/cd2/pc artists N-Z/smash/PEACE.S3M
file music-module	mirrors/scenesp.org/compilations/modplanet/normal/cd2/pc artists N-Z/smash/PLEASEME.S3M	338.40K	compilations/modplanet/normal/cd2/pc artists N-Z/smash/PLEASEME.S3M
file music-module	mirrors/scenesp.org/compilations/modplanet/normal/cd2/pc artists N-Z/smash/PRESSURE.S3M	23.85K	compilations/modplanet/normal/cd2/pc artists N-Z/smash/PRESSURE.S3M
file music-module	mirrors/scenesp.org/compilations/modplanet/normal/cd2/pc artists N-Z/smash/QUEENOF.S3M	399.53K	compilations/modplanet/normal/cd2/pc artists N-Z/smash/QUEENOF.S3M
file music-module	mirrors/scenesp.org/compilations/modplanet/normal/cd2/pc artists N-Z/smash/RAPLAX.S3M	347.73K	compilations/modplanet/normal/cd2/pc artists N-Z/smash/RAPLAX.S3M
file music-module	mirrors/scenesp.org/compilations/modplanet/normal/cd2/pc artists N-Z/smash/RAPMUNDA.S3M	1.02M	compilations/modplanet/normal/cd2/pc artists N-Z/smash/RAPMUNDA.S3M
file music-module	mirrors/scenesp.org/compilations/modplanet/normal/cd2/pc artists N-Z/smash/RAVEWRLD.S3M	302.85K	compilations/modplanet/normal/cd2/pc artists N-Z/smash/RAVEWRLD.S3M
file music-module	mirrors/scenesp.org/compilations/modplanet/normal/cd2/pc artists N-Z/smash/Radio.s3m	40.46K	compilations/modplanet/normal/cd2/pc artists N-Z/smash/Radio.s3m
file music-module	mirrors/scenesp.org/compilations/modplanet/normal/cd2/pc artists N-Z/smash/SEASON.S3M	242.34K	compilations/modplanet/normal/cd2/pc artists N-Z/smash/SEASON.S3M
file music-module	mirrors/scenesp.org/compilations/modplanet/normal/cd2/pc artists N-Z/smash/SLIDE.S3M	130.90K	compilations/modplanet/normal/cd2/pc artists N-Z/smash/SLIDE.S3M
file music-module	mirrors/scenesp.org/compilations/modplanet/normal/cd2/pc artists N-Z/smash/STAGE%231.S3M	373.52K	compilations/modplanet/normal/cd2/pc artists N-Z/smash/STAGE%231.S3M
file music-module	mirrors/scenesp.org/compilations/modplanet/normal/cd2/pc artists N-Z/smash/STRAIGHT.S3M	269.65K	compilations/modplanet/normal/cd2/pc artists N-Z/smash/STRAIGHT.S3M
file music-module	mirrors/scenesp.org/compilations/modplanet/normal/cd2/pc artists N-Z/smash/TEARS.S3M	225.19K	compilations/modplanet/normal/cd2/pc artists N-Z/smash/TEARS.S3M
file music-module	mirrors/scenesp.org/compilations/modplanet/normal/cd2/pc artists N-Z/smash/THE_LORD.S3M	201.67K	compilations/modplanet/normal/cd2/pc artists N-Z/smash/THE_LORD.S3M
file music-module	mirrors/scenesp.org/compilations/modplanet/normal/cd2/pc artists N-Z/smash/TWO_HOUR.S3M	294.65K	compilations/modplanet/normal/cd2/pc artists N-Z/smash/TWO_HOUR.S3M
file music-module	mirrors/scenesp.org/compilations/modplanet/normal/cd2/pc artists N-Z/smash/VZONE4.S3M	299.06K	compilations/modplanet/normal/cd2/pc artists N-Z/smash/VZONE4.S3M
file music-module	mirrors/scenesp.org/compilations/modplanet/normal/cd2/pc artists N-Z/sonar/INSOMNIA.S3M	478.97K	compilations/modplanet/normal/cd2/pc artists N-Z/sonar/INSOMNIA.S3M
file music-module	mirrors/scenesp.org/compilations/modplanet/normal/cd2/pc artists N-Z/sonar/OVERHEAD.S3M	829.17K	compilations/modplanet/normal/cd2/pc artists N-Z/sonar/OVERHEAD.S3M
file music-module	mirrors/scenesp.org/compilations/modplanet/normal/cd2/pc artists N-Z/sonar/PSYCHIC.S3M	722.83K	compilations/modplanet/normal/cd2/pc artists N-Z/sonar/PSYCHIC.S3M
file music-module	mirrors/scenesp.org/compilations/modplanet/normal/cd2/pc artists N-Z/various/18DAYS.S3M	599.30K	compilations/modplanet/normal/cd2/pc artists N-Z/various/18DAYS.S3M
file music-module	mirrors/scenesp.org/compilations/modplanet/normal/cd2/pc artists N-Z/various/ICE.S3M	477.74K	compilations/modplanet/normal/cd2/pc artists N-Z/various/ICE.S3M
file music-module	mirrors/scenesp.org/compilations/modplanet/normal/cd2/pc artists N-Z/wally/BLASTERS.S3M	15.50K	compilations/modplanet/normal/cd2/pc artists N-Z/wally/BLASTERS.S3M
file music-module	mirrors/scenesp.org/compilations/modplanet/normal/cd2/pc artists N-Z/wally/BUBBLE_B.S3M	8.18K	compilations/modplanet/normal/cd2/pc artists N-Z/wally/BUBBLE_B.S3M
file music-module	mirrors/scenesp.org/compilations/modplanet/normal/cd2/pc artists N-Z/wally/FLOATING.S3M	121.53K	compilations/modplanet/normal/cd2/pc artists N-Z/wally/FLOATING.S3M
file music-module	mirrors/scenesp.org/compilations/modplanet/normal/cd2/pc artists N-Z/wally/PRINCESA.S3M	423.21K	compilations/modplanet/normal/cd2/pc artists N-Z/wally/PRINCESA.S3M
file music-module	mirrors/scenesp.org/compilations/modplanet/normal/cd2/pc artists N-Z/wally/PSYCHOJU.S3M	177.70K	compilations/modplanet/normal/cd2/pc artists N-Z/wally/PSYCHOJU.S3M
file music-module	mirrors/scenesp.org/compilations/modplanet/normal/cd2/pc artists N-Z/wally/SADDANCE.S3M	120.48K	compilations/modplanet/normal/cd2/pc artists N-Z/wally/SADDANCE.S3M
file music-module	mirrors/scenesp.org/compilations/modplanet/normal/cd2/pc artists N-Z/wally/SAD_AND_.S3M	173.75K	compilations/modplanet/normal/cd2/pc artists N-Z/wally/SAD_AND_.S3M
file music-module	mirrors/scenesp.org/compilations/modplanet/normal/cd2/pc artists N-Z/wally/TECHNOTR.S3M	126.69K	compilations/modplanet/normal/cd2/pc artists N-Z/wally/TECHNOTR.S3M
file music-module	mirrors/scenesp.org/compilations/modplanet/normal/cd2/pc artists N-Z/wally/THE_DREA.S3M	164.36K	compilations/modplanet/normal/cd2/pc artists N-Z/wally/THE_DREA.S3M
file music-module	mirrors/scenesp.org/compilations/modplanet/normal/cd2/pc artists N-Z/wizard/1994/fly.s3m	36.75K	compilations/modplanet/normal/cd2/pc artists N-Z/wizard/1994/fly.s3m
file music-module	mirrors/scenesp.org/compilations/modplanet/normal/cd2/pc artists N-Z/wizard/1994/moon.s3m	521.50K	compilations/modplanet/normal/cd2/pc artists N-Z/wizard/1994/moon.s3m
file music-module	mirrors/scenesp.org/compilations/modplanet/normal/cd2/pc artists N-Z/wizard/1995/magic.s3m	127.51K	compilations/modplanet/normal/cd2/pc artists N-Z/wizard/1995/magic.s3m
file music-module	mirrors/scenesp.org/compilations/modplanet/normal/cd2/pc artists N-Z/wizard/1995/sndnerve.s3m	210.71K	compilations/modplanet/normal/cd2/pc artists N-Z/wizard/1995/sndnerve.s3m
file music-module	mirrors/scenesp.org/compilations/modplanet/normal/cd2/pc artists N-Z/wizard/1996/calm.s3m	912.55K	compilations/modplanet/normal/cd2/pc artists N-Z/wizard/1996/calm.s3m
file music-module	mirrors/scenesp.org/compilations/modplanet/normal/cd2/pc artists N-Z/wizard/1996/car.s3m	478.46K	compilations/modplanet/normal/cd2/pc artists N-Z/wizard/1996/car.s3m
file music-module	mirrors/scenesp.org/compilations/modplanet/normal/cd2/pc artists N-Z/wizard/1996/dry.s3m	512.39K	compilations/modplanet/normal/cd2/pc artists N-Z/wizard/1996/dry.s3m
file music-module	mirrors/scenesp.org/compilations/modplanet/normal/cd2/pc artists N-Z/wizard/1996/harmon.s3m	267.25K	compilations/modplanet/normal/cd2/pc artists N-Z/wizard/1996/harmon.s3m
file music-module	mirrors/scenesp.org/compilations/modplanet/normal/cd2/pc artists N-Z/wizard/1996/synth.s3m	512.86K	compilations/modplanet/normal/cd2/pc artists N-Z/wizard/1996/synth.s3m
file music-module	mirrors/scenesp.org/compilations/modplanet/normal/cd2/pc artists N-Z/wizard/1996/world.s3m	165.95K	compilations/modplanet/normal/cd2/pc artists N-Z/wizard/1996/world.s3m
file music-module	mirrors/scenesp.org/compilations/modplanet/normal/cd2/pc artists N-Z/wizard/2000/btwlnes.s3m	296.06K	compilations/modplanet/normal/cd2/pc artists N-Z/wizard/2000/btwlnes.s3m
file music-module	mirrors/scenesp.org/compilations/modplanet/normal/cd2/pc artists N-Z/wonder/ALIVE.S3M	147.60K	compilations/modplanet/normal/cd2/pc artists N-Z/wonder/ALIVE.S3M
file music-module	mirrors/scenesp.org/compilations/modplanet/normal/cd2/pc artists N-Z/wonder/ANCIENT_.S3M	199.18K	compilations/modplanet/normal/cd2/pc artists N-Z/wonder/ANCIENT_.S3M
file music-module	mirrors/scenesp.org/compilations/modplanet/normal/cd2/pc artists N-Z/wonder/DAMNED_S.S3M	847.25K	compilations/modplanet/normal/cd2/pc artists N-Z/wonder/DAMNED_S.S3M
file music-module	mirrors/scenesp.org/compilations/modplanet/normal/cd2/pc artists N-Z/wonder/DESERT_W.S3M	159.09K	compilations/modplanet/normal/cd2/pc artists N-Z/wonder/DESERT_W.S3M
file music-module	mirrors/scenesp.org/compilations/modplanet/normal/cd2/pc artists N-Z/wonder/HIDEOUT_.S3M	301.25K	compilations/modplanet/normal/cd2/pc artists N-Z/wonder/HIDEOUT_.S3M
file music-module	mirrors/scenesp.org/compilations/modplanet/normal/cd2/pc artists N-Z/wonder/JELLY_BO.S3M	216.81K	compilations/modplanet/normal/cd2/pc artists N-Z/wonder/JELLY_BO.S3M
file music-module	mirrors/scenesp.org/compilations/modplanet/normal/cd2/pc artists N-Z/wonder/KONICSON.S3M	19.87K	compilations/modplanet/normal/cd2/pc artists N-Z/wonder/KONICSON.S3M
file music-module	mirrors/scenesp.org/compilations/modplanet/normal/cd2/pc artists N-Z/wonder/Nonsense.s3m	60.01K	compilations/modplanet/normal/cd2/pc artists N-Z/wonder/Nonsense.s3m
file music-module	mirrors/scenesp.org/compilations/modplanet/normal/cd2/pc artists N-Z/wonder/PSYCHO.S3M	505.69K	compilations/modplanet/normal/cd2/pc artists N-Z/wonder/PSYCHO.S3M
file music-module	mirrors/scenesp.org/compilations/modplanet/normal/cd2/pc artists N-Z/wonder/REMEMBER.S3M	0.98M	compilations/modplanet/normal/cd2/pc artists N-Z/wonder/REMEMBER.S3M
file music-module	mirrors/scenesp.org/compilations/modplanet/normal/cd2/pc artists N-Z/wonder/REVENGE.S3M	276.45K	compilations/modplanet/normal/cd2/pc artists N-Z/wonder/REVENGE.S3M
file music-module	mirrors/scenesp.org/compilations/modplanet/normal/cd2/pc artists N-Z/wonder/ROMANCIN.S3M	908.00K	compilations/modplanet/normal/cd2/pc artists N-Z/wonder/ROMANCIN.S3M
file music-module	mirrors/scenesp.org/compilations/modplanet/normal/cd2/pc artists N-Z/wonder/SEE_YOU_.S3M	247.96K	compilations/modplanet/normal/cd2/pc artists N-Z/wonder/SEE_YOU_.S3M
file music-module	mirrors/scenesp.org/compilations/modplanet/normal/cd2/pc artists N-Z/wonder/SORCERER.S3M	837.01K	compilations/modplanet/normal/cd2/pc artists N-Z/wonder/SORCERER.S3M
file music-module	mirrors/scenesp.org/compilations/modplanet/normal/cd2/pc artists N-Z/wonder/THE_PINK.S3M	124.45K	compilations/modplanet/normal/cd2/pc artists N-Z/wonder/THE_PINK.S3M
file music-module	mirrors/scenesp.org/compilations/modplanet/normal/cd2/pc artists N-Z/wonder/WND_COLD.S3M	775.96K	compilations/modplanet/normal/cd2/pc artists N-Z/wonder/WND_COLD.S3M
file music-module	mirrors/scenesp.org/compilations/modplanet/normal/cd2/pc artists N-Z/wonder/WND_DKMP.S3M	35.18K	compilations/modplanet/normal/cd2/pc artists N-Z/wonder/WND_DKMP.S3M
file music-module	mirrors/scenesp.org/compilations/modplanet/normal/cd2/pc artists N-Z/wonder/WND_FIRE.S3M	392.83K	compilations/modplanet/normal/cd2/pc artists N-Z/wonder/WND_FIRE.S3M
file music-module	mirrors/scenesp.org/compilations/modplanet/normal/cd2/pc artists N-Z/wonder/WND_FRED.S3M	704.97K	compilations/modplanet/normal/cd2/pc artists N-Z/wonder/WND_FRED.S3M
file music-module	mirrors/scenesp.org/compilations/modplanet/normal/cd2/pc artists N-Z/wonder/WND_FUEN.S3M	424.19K	compilations/modplanet/normal/cd2/pc artists N-Z/wonder/WND_FUEN.S3M
file music-module	mirrors/scenesp.org/compilations/modplanet/normal/cd2/pc artists N-Z/wonder/WND_MACH.S3M	376.01K	compilations/modplanet/normal/cd2/pc artists N-Z/wonder/WND_MACH.S3M
file music-module	mirrors/scenesp.org/compilations/modplanet/normal/cd2/pc artists N-Z/wonder/WND_RES.S3M	261.95K	compilations/modplanet/normal/cd2/pc artists N-Z/wonder/WND_RES.S3M
file music-module	mirrors/scenesp.org/compilations/modplanet/normal/cd2/pc artists N-Z/wonder/WND_RISL.S3M	31.67K	compilations/modplanet/normal/cd2/pc artists N-Z/wonder/WND_RISL.S3M
file music-module	mirrors/scenesp.org/compilations/modplanet/normal/cd2/pc artists N-Z/wonder/WND_SACF.S3M	323.57K	compilations/modplanet/normal/cd2/pc artists N-Z/wonder/WND_SACF.S3M
file music-module	mirrors/scenesp.org/compilations/modplanet/normal/cd2/pc artists N-Z/wonder/WND_SHIP.S3M	560.24K	compilations/modplanet/normal/cd2/pc artists N-Z/wonder/WND_SHIP.S3M
file music-module	mirrors/scenesp.org/compilations/modplanet/normal/cd2/pc artists N-Z/wonder/WND_WAST.S3M	210.09K	compilations/modplanet/normal/cd2/pc artists N-Z/wonder/WND_WAST.S3M
file music-module	mirrors/scenesp.org/compilations/modplanet/normal/cd2/pc artists N-Z/wonder/WND_WOND.S3M	661.73K	compilations/modplanet/normal/cd2/pc artists N-Z/wonder/WND_WOND.S3M
file music-module	mirrors/scenesp.org/compilations/modplanet/normal/cd2/pc artists N-Z/wonder/monk/WND_M1.S3M	706.94K	compilations/modplanet/normal/cd2/pc artists N-Z/wonder/monk/WND_M1.S3M
file music-module	mirrors/scenesp.org/compilations/modplanet/normal/cd2/pc artists N-Z/wonder/monk/WND_M10.S3M	239.13K	compilations/modplanet/normal/cd2/pc artists N-Z/wonder/monk/WND_M10.S3M
file music-module	mirrors/scenesp.org/compilations/modplanet/normal/cd2/pc artists N-Z/wonder/monk/WND_M11.S3M	154.71K	compilations/modplanet/normal/cd2/pc artists N-Z/wonder/monk/WND_M11.S3M
file music-module	mirrors/scenesp.org/compilations/modplanet/normal/cd2/pc artists N-Z/wonder/monk/WND_M12.S3M	448.60K	compilations/modplanet/normal/cd2/pc artists N-Z/wonder/monk/WND_M12.S3M
file music-module	mirrors/scenesp.org/compilations/modplanet/normal/cd2/pc artists N-Z/wonder/monk/WND_M13.S3M	204.44K	compilations/modplanet/normal/cd2/pc artists N-Z/wonder/monk/WND_M13.S3M
file music-module	mirrors/scenesp.org/compilations/modplanet/normal/cd2/pc artists N-Z/wonder/monk/WND_M14.S3M	423.80K	compilations/modplanet/normal/cd2/pc artists N-Z/wonder/monk/WND_M14.S3M
file music-module	mirrors/scenesp.org/compilations/modplanet/normal/cd2/pc artists N-Z/wonder/monk/WND_M15.S3M	303.64K	compilations/modplanet/normal/cd2/pc artists N-Z/wonder/monk/WND_M15.S3M
file music-module	mirrors/scenesp.org/compilations/modplanet/normal/cd2/pc artists N-Z/wonder/monk/WND_M16.S3M	437.30K	compilations/modplanet/normal/cd2/pc artists N-Z/wonder/monk/WND_M16.S3M
file music-module	mirrors/scenesp.org/compilations/modplanet/normal/cd2/pc artists N-Z/wonder/monk/WND_M17.S3M	124.49K	compilations/modplanet/normal/cd2/pc artists N-Z/wonder/monk/WND_M17.S3M
file music-module	mirrors/scenesp.org/compilations/modplanet/normal/cd2/pc artists N-Z/wonder/monk/WND_M18.S3M	98.14K	compilations/modplanet/normal/cd2/pc artists N-Z/wonder/monk/WND_M18.S3M
file music-module	mirrors/scenesp.org/compilations/modplanet/normal/cd2/pc artists N-Z/wonder/monk/WND_M19.S3M	313.09K	compilations/modplanet/normal/cd2/pc artists N-Z/wonder/monk/WND_M19.S3M
file music-module	mirrors/scenesp.org/compilations/modplanet/normal/cd2/pc artists N-Z/wonder/monk/WND_M2.S3M	521.77K	compilations/modplanet/normal/cd2/pc artists N-Z/wonder/monk/WND_M2.S3M
file music-module	mirrors/scenesp.org/compilations/modplanet/normal/cd2/pc artists N-Z/wonder/monk/WND_M20.S3M	120.74K	compilations/modplanet/normal/cd2/pc artists N-Z/wonder/monk/WND_M20.S3M
file music-module	mirrors/scenesp.org/compilations/modplanet/normal/cd2/pc artists N-Z/wonder/monk/WND_M21.S3M	233.70K	compilations/modplanet/normal/cd2/pc artists N-Z/wonder/monk/WND_M21.S3M
file music-module	mirrors/scenesp.org/compilations/modplanet/normal/cd2/pc artists N-Z/wonder/monk/WND_M22.S3M	110.05K	compilations/modplanet/normal/cd2/pc artists N-Z/wonder/monk/WND_M22.S3M
file music-module	mirrors/scenesp.org/compilations/modplanet/normal/cd2/pc artists N-Z/wonder/monk/WND_M23.S3M	131.80K	compilations/modplanet/normal/cd2/pc artists N-Z/wonder/monk/WND_M23.S3M
file music-module	mirrors/scenesp.org/compilations/modplanet/normal/cd2/pc artists N-Z/wonder/monk/WND_M24.S3M	254.96K	compilations/modplanet/normal/cd2/pc artists N-Z/wonder/monk/WND_M24.S3M
file music-module	mirrors/scenesp.org/compilations/modplanet/normal/cd2/pc artists N-Z/wonder/monk/WND_M25.S3M	209.88K	compilations/modplanet/normal/cd2/pc artists N-Z/wonder/monk/WND_M25.S3M
file music-module	mirrors/scenesp.org/compilations/modplanet/normal/cd2/pc artists N-Z/wonder/monk/WND_M26.S3M	182.24K	compilations/modplanet/normal/cd2/pc artists N-Z/wonder/monk/WND_M26.S3M
file music-module	mirrors/scenesp.org/compilations/modplanet/normal/cd2/pc artists N-Z/wonder/monk/WND_M27.S3M	154.62K	compilations/modplanet/normal/cd2/pc artists N-Z/wonder/monk/WND_M27.S3M
file music-module	mirrors/scenesp.org/compilations/modplanet/normal/cd2/pc artists N-Z/wonder/monk/WND_M28.S3M	106.16K	compilations/modplanet/normal/cd2/pc artists N-Z/wonder/monk/WND_M28.S3M
file music-module	mirrors/scenesp.org/compilations/modplanet/normal/cd2/pc artists N-Z/wonder/monk/WND_M29.S3M	170.47K	compilations/modplanet/normal/cd2/pc artists N-Z/wonder/monk/WND_M29.S3M
file music-module	mirrors/scenesp.org/compilations/modplanet/normal/cd2/pc artists N-Z/wonder/monk/WND_M3.S3M	572.30K	compilations/modplanet/normal/cd2/pc artists N-Z/wonder/monk/WND_M3.S3M
file music-module	mirrors/scenesp.org/compilations/modplanet/normal/cd2/pc artists N-Z/wonder/monk/WND_M30.S3M	155.75K	compilations/modplanet/normal/cd2/pc artists N-Z/wonder/monk/WND_M30.S3M
file music-module	mirrors/scenesp.org/compilations/modplanet/normal/cd2/pc artists N-Z/wonder/monk/WND_M31.S3M	187.24K	compilations/modplanet/normal/cd2/pc artists N-Z/wonder/monk/WND_M31.S3M
file music-module	mirrors/scenesp.org/compilations/modplanet/normal/cd2/pc artists N-Z/wonder/monk/WND_M32.S3M	141.68K	compilations/modplanet/normal/cd2/pc artists N-Z/wonder/monk/WND_M32.S3M
file music-module	mirrors/scenesp.org/compilations/modplanet/normal/cd2/pc artists N-Z/wonder/monk/WND_M33.S3M	141.52K	compilations/modplanet/normal/cd2/pc artists N-Z/wonder/monk/WND_M33.S3M
file music-module	mirrors/scenesp.org/compilations/modplanet/normal/cd2/pc artists N-Z/wonder/monk/WND_M34.S3M	296.40K	compilations/modplanet/normal/cd2/pc artists N-Z/wonder/monk/WND_M34.S3M
file music-module	mirrors/scenesp.org/compilations/modplanet/normal/cd2/pc artists N-Z/wonder/monk/WND_M35.S3M	141.38K	compilations/modplanet/normal/cd2/pc artists N-Z/wonder/monk/WND_M35.S3M
file music-module	mirrors/scenesp.org/compilations/modplanet/normal/cd2/pc artists N-Z/wonder/monk/WND_M36.S3M	160.17K	compilations/modplanet/normal/cd2/pc artists N-Z/wonder/monk/WND_M36.S3M
file music-module	mirrors/scenesp.org/compilations/modplanet/normal/cd2/pc artists N-Z/wonder/monk/WND_M37.S3M	66.53K	compilations/modplanet/normal/cd2/pc artists N-Z/wonder/monk/WND_M37.S3M
file music-module	mirrors/scenesp.org/compilations/modplanet/normal/cd2/pc artists N-Z/wonder/monk/WND_M38.S3M	153.36K	compilations/modplanet/normal/cd2/pc artists N-Z/wonder/monk/WND_M38.S3M
file music-module	mirrors/scenesp.org/compilations/modplanet/normal/cd2/pc artists N-Z/wonder/monk/WND_M39.S3M	53.76K	compilations/modplanet/normal/cd2/pc artists N-Z/wonder/monk/WND_M39.S3M
file music-module	mirrors/scenesp.org/compilations/modplanet/normal/cd2/pc artists N-Z/wonder/monk/WND_M4.S3M	344.21K	compilations/modplanet/normal/cd2/pc artists N-Z/wonder/monk/WND_M4.S3M
file music-module	mirrors/scenesp.org/compilations/modplanet/normal/cd2/pc artists N-Z/wonder/monk/WND_M40.S3M	363.97K	compilations/modplanet/normal/cd2/pc artists N-Z/wonder/monk/WND_M40.S3M
file music-module	mirrors/scenesp.org/compilations/modplanet/normal/cd2/pc artists N-Z/wonder/monk/WND_M41.S3M	64.60K	compilations/modplanet/normal/cd2/pc artists N-Z/wonder/monk/WND_M41.S3M
file music-module	mirrors/scenesp.org/compilations/modplanet/normal/cd2/pc artists N-Z/wonder/monk/WND_M42.S3M	197.21K	compilations/modplanet/normal/cd2/pc artists N-Z/wonder/monk/WND_M42.S3M
file music-module	mirrors/scenesp.org/compilations/modplanet/normal/cd2/pc artists N-Z/wonder/monk/WND_M43.S3M	174.74K	compilations/modplanet/normal/cd2/pc artists N-Z/wonder/monk/WND_M43.S3M
file music-module	mirrors/scenesp.org/compilations/modplanet/normal/cd2/pc artists N-Z/wonder/monk/WND_M44.S3M	236.42K	compilations/modplanet/normal/cd2/pc artists N-Z/wonder/monk/WND_M44.S3M
file music-module	mirrors/scenesp.org/compilations/modplanet/normal/cd2/pc artists N-Z/wonder/monk/WND_M45.S3M	159.78K	compilations/modplanet/normal/cd2/pc artists N-Z/wonder/monk/WND_M45.S3M
file music-module	mirrors/scenesp.org/compilations/modplanet/normal/cd2/pc artists N-Z/wonder/monk/WND_M46.S3M	92.84K	compilations/modplanet/normal/cd2/pc artists N-Z/wonder/monk/WND_M46.S3M
file music-module	mirrors/scenesp.org/compilations/modplanet/normal/cd2/pc artists N-Z/wonder/monk/WND_M47.S3M	246.08K	compilations/modplanet/normal/cd2/pc artists N-Z/wonder/monk/WND_M47.S3M
file music-module	mirrors/scenesp.org/compilations/modplanet/normal/cd2/pc artists N-Z/wonder/monk/WND_M48.S3M	297.21K	compilations/modplanet/normal/cd2/pc artists N-Z/wonder/monk/WND_M48.S3M
file music-module	mirrors/scenesp.org/compilations/modplanet/normal/cd2/pc artists N-Z/wonder/monk/WND_M49.S3M	100.63K	compilations/modplanet/normal/cd2/pc artists N-Z/wonder/monk/WND_M49.S3M
file music-module	mirrors/scenesp.org/compilations/modplanet/normal/cd2/pc artists N-Z/wonder/monk/WND_M5.S3M	826.85K	compilations/modplanet/normal/cd2/pc artists N-Z/wonder/monk/WND_M5.S3M
file music-module	mirrors/scenesp.org/compilations/modplanet/normal/cd2/pc artists N-Z/wonder/monk/WND_M50.S3M	116.90K	compilations/modplanet/normal/cd2/pc artists N-Z/wonder/monk/WND_M50.S3M
file music-module	mirrors/scenesp.org/compilations/modplanet/normal/cd2/pc artists N-Z/wonder/monk/WND_M51.S3M	90.22K	compilations/modplanet/normal/cd2/pc artists N-Z/wonder/monk/WND_M51.S3M
file music-module	mirrors/scenesp.org/compilations/modplanet/normal/cd2/pc artists N-Z/wonder/monk/WND_M52.S3M	126.16K	compilations/modplanet/normal/cd2/pc artists N-Z/wonder/monk/WND_M52.S3M
file music-module	mirrors/scenesp.org/compilations/modplanet/normal/cd2/pc artists N-Z/wonder/monk/WND_M53.S3M	71.76K	compilations/modplanet/normal/cd2/pc artists N-Z/wonder/monk/WND_M53.S3M
file music-module	mirrors/scenesp.org/compilations/modplanet/normal/cd2/pc artists N-Z/wonder/monk/WND_M54.S3M	101.71K	compilations/modplanet/normal/cd2/pc artists N-Z/wonder/monk/WND_M54.S3M
file music-module	mirrors/scenesp.org/compilations/modplanet/normal/cd2/pc artists N-Z/wonder/monk/WND_M55.S3M	103.83K	compilations/modplanet/normal/cd2/pc artists N-Z/wonder/monk/WND_M55.S3M
file music-module	mirrors/scenesp.org/compilations/modplanet/normal/cd2/pc artists N-Z/wonder/monk/WND_M6.S3M	550.12K	compilations/modplanet/normal/cd2/pc artists N-Z/wonder/monk/WND_M6.S3M
file music-module	mirrors/scenesp.org/compilations/modplanet/normal/cd2/pc artists N-Z/wonder/monk/WND_M7.S3M	608.04K	compilations/modplanet/normal/cd2/pc artists N-Z/wonder/monk/WND_M7.S3M
file music-module	mirrors/scenesp.org/compilations/modplanet/normal/cd2/pc artists N-Z/wonder/monk/WND_M8.S3M	557.72K	compilations/modplanet/normal/cd2/pc artists N-Z/wonder/monk/WND_M8.S3M
file music-module	mirrors/scenesp.org/compilations/modplanet/normal/cd2/pc artists N-Z/wonder/monk/WND_M9.S3M	653.08K	compilations/modplanet/normal/cd2/pc artists N-Z/wonder/monk/WND_M9.S3M
file music-module	mirrors/scenesp.org/compilations/modplanet/normal/cd2/pc artists N-Z/yero/chiptunes/yr_fstar.s3m	5.67K	compilations/modplanet/normal/cd2/pc artists N-Z/yero/chiptunes/yr_fstar.s3m
file music-module	mirrors/scenesp.org/compilations/modplanet/normal/cd2/pc artists N-Z/yero/chiptunes/yr_ntl.s3m	3.88K	compilations/modplanet/normal/cd2/pc artists N-Z/yero/chiptunes/yr_ntl.s3m
file music-module	mirrors/scenesp.org/compilations/modplanet/normal/cd2/pc artists N-Z/zombie/TOPEKIE2.S3M	681.56K	compilations/modplanet/normal/cd2/pc artists N-Z/zombie/TOPEKIE2.S3M
file music-module	mirrors/scenesp.org/compilations/modplanet/normal/cd2/pc artists N-Z/zup/LOSTBIT.S3M	327.71K	compilations/modplanet/normal/cd2/pc artists N-Z/zup/LOSTBIT.S3M
file music-module	mirrors/scenesp.org/compilations/modplanet/normal/cd2/pc artists N-Z/zup/TIC-TAC.S3M	188.31K	compilations/modplanet/normal/cd2/pc artists N-Z/zup/TIC-TAC.S3M
file music-module	mirrors/scenesp.org/compilations/modplanet/normal/cd2/utils/players/win/modplug player/ARYX.S3M	20.31K	compilations/modplanet/normal/cd2/utils/players/win/modplug player/ARYX.S3M
file music-module	mirrors/scenesp.org/compilations/modplanet/normal/cd2/utils/trackers/win/modplug tracker/ARYX.S3M	20.31K	compilations/modplanet/normal/cd2/utils/trackers/win/modplug tracker/ARYX.S3M
file music-module	mirrors/scenesp.org/modulez/cyborgjeff/32SHOOT.S3M	36.08K	modulez/cyborgjeff/32SHOOT.S3M
file music-module	mirrors/scenesp.org/modulez/cyborgjeff/Classich.s3m	237.02K	modulez/cyborgjeff/Classich.s3m
file music-module	mirrors/scenesp.org/modulez/cyborgjeff/DEMO.S3M	659.91K	modulez/cyborgjeff/DEMO.S3M
file music-module	mirrors/scenesp.org/modulez/cyborgjeff/DJD.S3M	451.07K	modulez/cyborgjeff/DJD.S3M
file music-module	mirrors/scenesp.org/modulez/cyborgjeff/Ga4021.s3m	186.00K	modulez/cyborgjeff/Ga4021.s3m
file music-module	mirrors/scenesp.org/modulez/cyborgjeff/GIVEMEZN.S3M	76.29K	modulez/cyborgjeff/GIVEMEZN.S3M
file music-module	mirrors/scenesp.org/modulez/cyborgjeff/MODULEZ.S3M	115.43K	modulez/cyborgjeff/MODULEZ.S3M
file music-module	mirrors/scenesp.org/modulez/daveyflopit/AUTUMN_F.S3M	248.04K	modulez/daveyflopit/AUTUMN_F.S3M
file music-module	mirrors/scenesp.org/modulez/daveyflopit/CARSICK!.S3M	79.02K	modulez/daveyflopit/CARSICK!.S3M
file music-module	mirrors/scenesp.org/modulez/daveyflopit/DF-DISJ.S3M	155.79K	modulez/daveyflopit/DF-DISJ.S3M
file music-module	mirrors/scenesp.org/modulez/daveyflopit/DF-EWTAK.S3M	107.31K	modulez/daveyflopit/DF-EWTAK.S3M
file music-module	mirrors/scenesp.org/modulez/daveyflopit/DF-PURPL.S3M	36.41K	modulez/daveyflopit/DF-PURPL.S3M
file music-module	mirrors/scenesp.org/modulez/daveyflopit/DF-PWOO.S3M	153.47K	modulez/daveyflopit/DF-PWOO.S3M
file music-module	mirrors/scenesp.org/modulez/daveyflopit/DF-SKY.S3M	24.47K	modulez/daveyflopit/DF-SKY.S3M
file music-module	mirrors/scenesp.org/modulez/daveyflopit/sadness.s3m	35.29K	modulez/daveyflopit/sadness.s3m
file music-module	mirrors/scenesp.org/modulez/elysis/Tinytune.s3m	24.75K	modulez/elysis/Tinytune.s3m
file music-module	mirrors/scenesp.org/modulez/essence_uy/Control.s3m	245.71K	modulez/essence_uy/Control.s3m
file music-module	mirrors/scenesp.org/modulez/essence_uy/cosmic.s3m	269.72K	modulez/essence_uy/cosmic.s3m
file music-module	mirrors/scenesp.org/modulez/essence_uy/madness.s3m	190.78K	modulez/essence_uy/madness.s3m
file music-module	mirrors/scenesp.org/modulez/Jakim/brainsquashingtorture.s3m	245.02K	modulez/Jakim/brainsquashingtorture.s3m
file music-module	mirrors/scenesp.org/modulez/Jakim/taintedglass.s3m	929.49K	modulez/Jakim/taintedglass.s3m
file music-module	mirrors/scenesp.org/modulez/jeenio/nb-jazz.s3m	122.23K	modulez/jeenio/nb-jazz.s3m
file music-module	mirrors/scenesp.org/modulez/jvk/jvk_clockwork.s3m	47.23K	modulez/jvk/jvk_clockwork.s3m
file music-module	mirrors/scenesp.org/modulez/jvk/jvk_guitarhero.s3m	55.75K	modulez/jvk/jvk_guitarhero.s3m
file music-module	mirrors/scenesp.org/modulez/jvk/jvk_riskybusiness.s3m	73.92K	modulez/jvk/jvk_riskybusiness.s3m
file music-module	mirrors/scenesp.org/modulez/obscene/bg-abyss.s3m	469.74K	modulez/obscene/bg-abyss.s3m
file music-module	mirrors/scenesp.org/modulez/obscene/bg-again.s3m	262.73K	modulez/obscene/bg-again.s3m
file music-module	mirrors/scenesp.org/modulez/obscene/bg-codered.s3m	645.00K	modulez/obscene/bg-codered.s3m
file music-module	mirrors/scenesp.org/modulez/obscene/bg-dreamyou.s3m	307.61K	modulez/obscene/bg-dreamyou.s3m
file music-module	mirrors/scenesp.org/modulez/obscene/bg-face.s3m	271.61K	modulez/obscene/bg-face.s3m
file music-module	mirrors/scenesp.org/modulez/obscene/bg-face2.s3m	420.91K	modulez/obscene/bg-face2.s3m
file music-module	mirrors/scenesp.org/modulez/obscene/bg-fever.s3m	422.50K	modulez/obscene/bg-fever.s3m
file music-module	mirrors/scenesp.org/modulez/obscene/bg-footsteps.s3m	629.38K	modulez/obscene/bg-footsteps.s3m
file music-module	mirrors/scenesp.org/modulez/obscene/bg-godofstone.s3m	235.08K	modulez/obscene/bg-godofstone.s3m
file music-module	mirrors/scenesp.org/modulez/obscene/bg-hippies.s3m	36.27K	modulez/obscene/bg-hippies.s3m
file music-module	mirrors/scenesp.org/modulez/obscene/bg-march.s3m	103.49K	modulez/obscene/bg-march.s3m
file music-module	mirrors/scenesp.org/modulez/obscene/bg-never.s3m	271.83K	modulez/obscene/bg-never.s3m
file music-module	mirrors/scenesp.org/modulez/obscene/bg-nofear.s3m	305.10K	modulez/obscene/bg-nofear.s3m
file music-module	mirrors/scenesp.org/modulez/obscene/bg-nofear2.s3m	31.04K	modulez/obscene/bg-nofear2.s3m
file music-module	mirrors/scenesp.org/modulez/obscene/bg-noreturn.s3m	257.64K	modulez/obscene/bg-noreturn.s3m
file music-module	mirrors/scenesp.org/modulez/obscene/bg-notomorrow.s3m	419.14K	modulez/obscene/bg-notomorrow.s3m
file music-module	mirrors/scenesp.org/modulez/obscene/bg-notomorrow2.s3m	209.48K	modulez/obscene/bg-notomorrow2.s3m
file music-module	mirrors/scenesp.org/modulez/obscene/bg-overdrive.s3m	348.31K	modulez/obscene/bg-overdrive.s3m
file music-module	mirrors/scenesp.org/modulez/obscene/bg-phonecia.s3m	264.22K	modulez/obscene/bg-phonecia.s3m
file music-module	mirrors/scenesp.org/modulez/obscene/bg-roses.s3m	242.39K	modulez/obscene/bg-roses.s3m
file music-module	mirrors/scenesp.org/modulez/obscene/bg-taco.s3m	489.71K	modulez/obscene/bg-taco.s3m
file music-module	mirrors/scenesp.org/modulez/obscene/bg-tears.s3m	227.59K	modulez/obscene/bg-tears.s3m
file music-module	mirrors/scenesp.org/modulez/obscene/bg-thing.s3m	153.14K	modulez/obscene/bg-thing.s3m
file music-module	mirrors/scenesp.org/modulez/obscene/bg-untitled.s3m	578.20K	modulez/obscene/bg-untitled.s3m
file music-module	mirrors/scenesp.org/modulez/sergeeo/pachangamix.s3m	23.22K	modulez/sergeeo/pachangamix.s3m
file music-module	mirrors/the_scene_archives/The_Scene_Archives_Vol_05/Disks_are_in_Here/Disks_4752_To_4800/4797-4798-Assem_96_Music/DITA4EVE.S3M	336.53K	The_Scene_Archives_Vol_05/Disks_are_in_Here/Disks_4752_To_4800/4797-4798-Assem_96_Music/DITA4EVE.S3M
file music-module	music/artists/beek/1999/compo/tt/crystl.s3m	110.95K	beek/1999/compo/tt/crystl.s3m
file music-module	music/artists/beek/1999/leaves/cornfilx.s3m	31.18K	beek/1999/leaves/cornfilx.s3m
file music-module	music/artists/beek/1999/leaves/eyesteen.s3m	23.24K	beek/1999/leaves/eyesteen.s3m
file music-module	music/artists/beek/1999/leaves/subway.s3m	3.96K	beek/1999/leaves/subway.s3m
file music-module	music/artists/beek/1999/leaves/theart.s3m	3.63K	beek/1999/leaves/theart.s3m
file music-module	music/artists/beek/1999/leaves/timemess.s3m	20.25K	beek/1999/leaves/timemess.s3m
file music-module	music/artists/beek/1999/leaves/toad.s3m	15.37K	beek/1999/leaves/toad.s3m
file music-module	music/artists/beek/1999/misc/jeopardy.s3m	49.11K	beek/1999/misc/jeopardy.s3m
file music-module	music/artists/beek/thetrackering/crystl.s3m	110.95K	beek/thetrackering/crystl.s3m
file archive has-diz	music/artists/benjam/benjam_cosmicevolution.s3m.zip	520.79K	benjam/benjam_cosmicevolution.s3m.zip
file archive has-diz	music/artists/benjam/benjam_louderthansigns.s3m.zip	126.44K	benjam/benjam_louderthansigns.s3m.zip
file archive has-diz	music/artists/benjam/benjam_pluginmyhead.s3m.zip	41.14K	benjam/benjam_pluginmyhead.s3m.zip
file music-module	music/artists/bigjim/bj-vte.s3m	324.78K	bigjim/bj-vte.s3m
file archive	music/artists/saga_musix/dream.s3m.zip	47.85K	saga_musix/dream.s3m.zip
file archive	music/artists/saga_musix/introtune.s3m.zip	41.48K	saga_musix/introtune.s3m.zip
file archive	music/artists/saga_musix/paddlebattle.s3m.zip	93.84K	saga_musix/paddlebattle.s3m.zip
file music-module	music/artists/think/series-cd/track1.s3m	333.56K	think/series-cd/track1.s3m
file music-module	music/artists/think/series-cd/track2.s3m	377.17K	think/series-cd/track2.s3m
file music-module	music/artists/think/series-cd/track3.s3m	717.33K	think/series-cd/track3.s3m
file music-module	music/artists/think/series-cd/track4.s3m	296.62K	think/series-cd/track4.s3m
file music-module	music/artists/think/series-cd/track5.s3m	530.77K	think/series-cd/track5.s3m
file music-module	music/artists/think/series-cd/track6.s3m	788.13K	think/series-cd/track6.s3m
file music-module	music/artists/think/series-cd/track7.s3m	605.85K	think/series-cd/track7.s3m
file music-module	music/artists/think/series-cd/track8.s3m	902.05K	think/series-cd/track8.s3m
file music-module	music/compos/boozedrome_winter_2025/mochunk_-_unclapp.s3m	669.78K	boozedrome_winter_2025/mochunk_-_unclapp.s3m
file music-module	music/groups/analogue/members/parityerror/pre-analogue/pre-1993/beavbutt.s3m	363.03K	analogue/members/parityerror/pre-analogue/pre-1993/beavbutt.s3m
file music-module	music/groups/analogue/members/parityerror/pre-analogue/pre-1993/deadcow.s3m	373.29K	analogue/members/parityerror/pre-analogue/pre-1993/deadcow.s3m
file music-module	music/groups/analogue/members/parityerror/pre-analogue/pre-1993/edges.s3m	244.14K	analogue/members/parityerror/pre-analogue/pre-1993/edges.s3m
file music-module	music/groups/analogue/members/parityerror/pre-analogue/pre-1993/forgiven.s3m	274.51K	analogue/members/parityerror/pre-analogue/pre-1993/forgiven.s3m
file music-module	music/groups/analogue/members/parityerror/pre-analogue/pre-1993/laundery.s3m	302.98K	analogue/members/parityerror/pre-analogue/pre-1993/laundery.s3m
file music-module	music/groups/analogue/members/parityerror/pre-analogue/pre-1993/lock.s3m	324.77K	analogue/members/parityerror/pre-analogue/pre-1993/lock.s3m
file music-module	music/groups/analogue/members/parityerror/pre-analogue/pre-1993/luk2.s3m	195.19K	analogue/members/parityerror/pre-analogue/pre-1993/luk2.s3m
file music-module	music/groups/analogue/members/parityerror/pre-analogue/pre-1993/themtm.s3m	127.41K	analogue/members/parityerror/pre-analogue/pre-1993/themtm.s3m
file music-module	music/groups/sound_alliance/1995/bell.s3m	74.51K	sound_alliance/1995/bell.s3m
file music-module	music/groups/sound_alliance/1995/crash.s3m	50.97K	sound_alliance/1995/crash.s3m
file music-module	music/groups/sound_alliance/1995/dae.s3m	106.61K	sound_alliance/1995/dae.s3m
file music-module	music/groups/sound_alliance/1995/dont.s3m	186.61K	sound_alliance/1995/dont.s3m
file music-module	music/groups/sound_alliance/1995/horny.s3m	116.06K	sound_alliance/1995/horny.s3m
file music-module	music/groups/sound_alliance/1995/leontien.s3m	245.24K	sound_alliance/1995/leontien.s3m
file music-module	music/groups/sound_alliance/1995/maxx2.s3m	223.99K	sound_alliance/1995/maxx2.s3m
file music-module	music/groups/sound_alliance/1995/suxxesio.s3m	152.72K	sound_alliance/1995/suxxesio.s3m
file music-module	music/groups/sound_alliance/1995/trancore.s3m	136.22K	sound_alliance/1995/trancore.s3m
file music-module	music/groups/sound_alliance/1995/voodoo.s3m	85.19K	sound_alliance/1995/voodoo.s3m
file music-module	music/groups/trip/trip_qx_.s3m	401.73K	trip/trip_qx_.s3m
file music-module	music/groups/trip/trip_sc_.s3m	832.67K	trip/trip_sc_.s3m
file music-module	parties/1994/oso-meeting94/mmul/e-base.s3m	139.64K	oso-meeting94/mmul/e-base.s3m
file music-module	parties/1994/oso-meeting94/mmul/liversau.s3m	24.55K	oso-meeting94/mmul/liversau.s3m
file music-module	parties/1994/oso-meeting94/mmul/sauna.s3m	190.75K	oso-meeting94/mmul/sauna.s3m
file music-module	parties/1996/ahm-meet96/mmul/hilpeae.s3m	1.00K	ahm-meet96/mmul/hilpeae.s3m
file music-module	parties/1996/ahm-meet96/mmul/lobzu.s3m	128.71K	ahm-meet96/mmul/lobzu.s3m
file music-module	parties/1996/ahm-meet96/mmul/paiva.s3m	4.98K	ahm-meet96/mmul/paiva.s3m
file music-module	parties/1997/ahm-meet97/mmul/1uncle.s3m	73.56K	ahm-meet97/mmul/1uncle.s3m
file music-module	parties/1997/ahm-meet97/mmul/3topspy.s3m	67.39K	ahm-meet97/mmul/3topspy.s3m
file music-module	parties/1997/ahm-meet97/mmul/4zele.s3m	4.66K	ahm-meet97/mmul/4zele.s3m
file music-module	parties/1997/buenzli97b/mmul/grounded.s3m	303.81K	buenzli97b/mmul/grounded.s3m
file music-stream	parties/2004/breakpoint04/mmul/rhubarb.s3m.ogg	3.71M	breakpoint04/mmul/rhubarb.s3m.ogg
file music-module	parties/2011/solskogen11/music_oldskool/ultmusex.s3m	94.58K	solskogen11/music_oldskool/ultmusex.s3m
file archive has-diz	parties/2012/birdie12/mmul/play.s3m.zip	7.57K	birdie12/mmul/play.s3m.zip
file music-module	parties/2012/instanssi12/music/honorofw.s3m	490.46K	instanssi12/music/honorofw.s3m
file music-module	parties/2013/chaosconstructions13/multichannel_traditional_music/asmo.s3m	121.48K	chaosconstructions13/multichannel_traditional_music/asmo.s3m
file music-module	parties/2014/chaosconstructions14/multichannel_traditional_music/kaplya.s3m	26.26K	chaosconstructions14/multichannel_traditional_music/kaplya.s3m
file music-module	parties/2015/chaosconstructions15/tiny_mp3_music/almukant.s3m	51.54K	chaosconstructions15/tiny_mp3_music/almukant.s3m
file music-module	parties/2015/chaosconstructions15/tiny_mp3_music/komar.s3m	31.02K	chaosconstructions15/tiny_mp3_music/komar.s3m
file music-module	parties/2015/deadline15/music/poltora.s3m	32.31K	deadline15/music/poltora.s3m
file music-module	parties/2015/payback15/tracked_music/noby-something_else.s3m	537.03K	payback15/tracked_music/noby-something_else.s3m
file music-module	parties/2018/vip18/music_multichannel/promenadeinthoissey.s3m	81.09K	vip18/music_multichannel/promenadeinthoissey.s3m
file music-module	parties/2019/chaosconstructions19/multichannel_traditional_music/haunebu.s3m	2.98M	chaosconstructions19/multichannel_traditional_music/haunebu.s3m
file music-module	parties/2019/chaosconstructions19/multichannel_traditional_music/nemertin.s3m	164.13K	chaosconstructions19/multichannel_traditional_music/nemertin.s3m
file music-module	parties/2025/deadline25/tracked_music/brandons_theme_party_ver.s3m	1.00M	deadline25/tracked_music/brandons_theme_party_ver.s3m
file music-module	parties/2025/dream21025/tracked_music/trnzgrl.s3m	123.00K	dream21025/tracked_music/trnzgrl.s3m
